"","id","author","date","stars","review_format","word_count","sd","ave_sentiment"
"1",1,"H. Bala","December 25, 2018",4,"Format: Blu-ray",776,0.280185206976315,0.0444748456466359
"2",2,"Graham Swearingen","December 21, 2018",4,"Format: Blu-ray",380,0.267234335789254,0.23094602661313
"3",3,"Kid Kyoto","January 22, 2019",1,"Format: DVD",192,0.270751510367059,0.0553075262599126
"4",4,"KarToon12","December 27, 2018",5,"Format: Blu-ray",919,0.382827561084071,0.235967613206115
"5",5,"K. Craig","March 27, 2019",1,"Format: Blu-rayVerified Purchase",226,0.274865596781239,-0.0989440355666785
"6",6,"The Boss Guy","December 28, 2018",2,"Format: Blu-ray",431,0.469616181666413,-0.0426841338911458
"7",7,"X","March 31, 2019",1,"Format: Prime VideoVerified Purchase",131,0.358421536174543,-0.183087312487065
"8",8,"st0rmbringer","February 15, 2019",1,"Format: Blu-ray",14,NA,-0.0801783725737273
"9",9,"Canopus","December 25, 2018",5,"Format: Blu-ray",131,0.176042564628137,0.371104399675444
"10",10,"Rich Whitcomb","March 27, 2019",5,"Format: Blu-rayVerified Purchase",189,0.195997115943087,0.200315514570542
"11",11,"Amazon Customer","April 3, 2019",1,"Format: Prime VideoVerified Purchase",103,0.411897960504672,0.0476887184393993
"12",12,"Philip J. Mayo","March 26, 2019",2,"Format: Blu-rayVerified Purchase",168,0.272807684949599,-0.150290652063706
"13",13,"Anthony Altamirano","December 21, 2018",5,"Format: Blu-ray",134,0.392417532885759,0.243497231159593
"14",14,"Beth","March 27, 2019",2,"Format: DVDVerified Purchase",127,0.462579099533869,-0.194766776457661
"15",15,"RDD","March 30, 2019",5,"Format: Blu-rayVerified Purchase",448,0.263909984834527,0.188215202174274
"16",16,"Wallace Guy","April 2, 2019",2,"Format: Prime VideoVerified Purchase",255,0.39848081624321,0.00717149268011438
"17",17,"Rick Lundeen","March 30, 2019",2,"Format: Blu-rayVerified Purchase",132,0.342007582081778,-0.0680802107155649
"18",18,"Sean","March 31, 2019",2,"Format: Prime VideoVerified Purchase",120,0.310674469043256,0.0774256726825789
"19",19,"Jane b.","March 30, 2019",4,"Format: Blu-rayVerified Purchase",461,0.388617528239275,0.063009972463656
"20",20,"Spiritsdancer","March 31, 2019",4,"Format: Prime VideoVerified Purchase",193,0.307265931454458,0.251140693703472
"21",21,"Critic's Corner Book and Film Reviews","February 8, 2019",5,"Format: Blu-ray",412,0.405113416682557,0.106729839788158
"22",22,"M Weitzel","April 1, 2019",1,"Format: Prime VideoVerified Purchase",117,0.28417447533131,-0.0208348586520573
"23",23,"VictoriaSelene Skye~Deme","March 30, 2019",5,"Format: Prime VideoVerified Purchase",103,0.359253479581879,0.420050084560944
"24",24,"Ryan","March 31, 2019",1,"Format: Blu-rayVerified Purchase",54,0.304442852653531,-0.185597159972213
"25",25,"Kate K","March 30, 2019",5,"Format: Prime VideoVerified Purchase",64,0.530191500330182,0.154955758232086
"26",26,"Critical Assessment","April 12, 2019",3,"Format: Prime VideoVerified Purchase",266,0.405616216511573,0.151241218856583
"27",27,"the_eman69","April 1, 2019",4,"Format: Blu-rayVerified Purchase",189,0.361712756618522,0.291173537378706
"28",28,":) jlp","March 26, 2019",2,"Format: Blu-rayVerified Purchase",109,0.274197361928239,-0.0516552071892687
"29",29,"R. Eoff","April 8, 2019",1,"Format: Prime VideoVerified Purchase",79,0.212733724962616,-0.12891444536361
"30",30," Oscar Carrillo ","March 30, 2019",5,"Format: Blu-rayVerified Purchase",69,NA,0
"31",31,"Amanda","April 14, 2019",1,"Format: Prime VideoVerified Purchase",258,0.307441698446973,0.0753358127603786
"32",32,"C. P. Belcore","April 3, 2019",5,"Format: Blu-rayVerified Purchase",260,0.283981391658649,0.14540357391992
"33",33,"Duenor","April 1, 2019",3,"Format: Prime VideoVerified Purchase",120,0.174209654706402,-0.123339139189201
"34",34,"MacJunegrand","January 4, 2019",5,"Format: Blu-ray",611,0.389285655121044,0.228759067466009
"35",35,"PMSteve","April 6, 2019",5,"Format: Prime VideoVerified Purchase",182,0.237090608916354,0.197090607683109
"36",36,"Ernest C. Gauss Jr.","March 30, 2019",1,"Format: Blu-rayVerified Purchase",12,NA,-0.486994952061449
"37",37,"RedSonja","April 15, 2019",2,"Format: Prime VideoVerified Purchase",152,0.52505260652069,-0.0390363487102676
"38",38,"bogc","March 27, 2019",5,"Format: DVDVerified Purchase",62,0.255405417974317,0.143913408350586
"39",39,"Bruce Fowler","March 30, 2019",5,"Format: Blu-rayVerified Purchase",106,0.302200741782613,0.420674247055799
"40",40,"Confederate","April 16, 2019",3,"Format: Prime VideoVerified Purchase",520,0.217480375632619,-0.0574888557144046
"41",41,"Michael D. Anderson","April 13, 2019",3,"Format: Prime VideoVerified Purchase",504,0.396446705866816,0.185822770426071
"42",42,"Mike L. from USA","March 27, 2019",5,"Format: Blu-rayVerified Purchase",63,0.294183525791904,0.453303723602143
"43",43,"Dadimus Max","April 22, 2019",5,"Format: Prime VideoVerified Purchase",400,0.241449871284631,0.0274948310047113
"44",44,"Anthony Trendl","April 15, 2019",2,"Format: Prime VideoVerified Purchase",402,0.324556296027724,0.0403487014056423
"45",45,"Joe","March 26, 2019",5,"Format: Blu-rayVerified Purchase",52,0.262953327507647,0.208539086544094
"46",46,"Rob Holly","April 5, 2019",5,"Format: DVDVerified Purchase",181,0.309378436191888,0.1993313742334
"47",47,"Cyndee","March 30, 2019",5,"Format: Blu-rayVerified Purchase",62,0.156095608344573,0.235602603809357
"48",48,"Russell S","April 3, 2019",5,"Format: Blu-rayVerified Purchase",84,0.225724053709391,0.110096711695489
"49",49,"lillysmiles","April 5, 2019",1,"Format: Prime VideoVerified Purchase",20,0.214373231428136,-0.165435468852899
"50",50,"NinjaNutjob","April 20, 2019",3,"Format: Blu-rayVerified Purchase",253,0.423750050596672,-0.0302028212954224
"51",51,"Eire","April 9, 2019",2,"Format: Prime VideoVerified Purchase",71,0.102189729348367,0.085154077117217
"52",52,"Jim Tarleton","March 28, 2019",5,"Format: Blu-rayVerified Purchase",72,0.586150194838397,0.436261000642756
"53",53,"C. Shattuck","April 2, 2019",5,"Format: Prime VideoVerified Purchase",104,0.23267081534547,0.128870872286656
"54",54,"Mike S.","April 2, 2019",4,"Format: Prime VideoVerified Purchase",163,0.215702064619763,0.23241387394934
"55",55,"jcat","April 23, 2019",4,"Format: Blu-rayVerified Purchase",151,0.268184187845185,0.0372382269598546
"56",56,"Ashley Lomeli","March 26, 2019",4,"Format: Blu-rayVerified Purchase",95,0.327256267005137,0.120076572451483
"57",57,"Tooker","March 28, 2019",5,"Format: DVDVerified Purchase",29,0.0919766367500831,0.112062213277439
"58",58,"Nightchime","April 2, 2019",5,"Format: Prime VideoVerified Purchase",97,0.222772425018053,0.295878050644061
"59",59,"Amazon Customer","April 14, 2019",1,"Format: Prime VideoVerified Purchase",143,0.269639131695086,0.0216748011425052
"60",60,"Kory Kurokawa","April 8, 2019",5,"Format: Prime VideoVerified Purchase",69,0.111391598584876,0.116675156887669
"61",61,"Lady Fracas","April 3, 2019",3,"Format: Prime VideoVerified Purchase",138,0.331395453107642,0.190031516297092
"62",62,"Serna, Sandra H.","March 26, 2019",5,"Format: DVDVerified Purchase",26,0.16275485628535,0.172036460316498
"63",63,"Laurie","April 9, 2019",2,"Format: DVDVerified Purchase",137,0.348339307090865,-0.0226654192639484
"64",64,"jc/louisville,ky","March 27, 2019",5,"Format: DVDVerified Purchase",26,0.00971453542671864,0.342279410501278
"65",65,"Ronda Goebel","March 29, 2019",5,"Format: Blu-rayVerified Purchase",21,0.0354804488187694,0.458101167851513
"66",66,"Tutu","April 10, 2019",5,"Format: Prime VideoVerified Purchase",84,0.306947828743506,0.17123287172954
"67",67,"Trey L. Pleasants","April 3, 2019",3,"Format: Prime VideoVerified Purchase",259,0.386311230888821,0.38890198721984
"68",68,"Brent E Speicher","March 28, 2019",2,"Format: Blu-rayVerified Purchase",80,0.163162324934076,0.0426537162257856
"69",69,"Em ","April 17, 2019",3,"Format: Prime VideoVerified Purchase",107,0.357635923480537,-0.0315185944719979
"70",70,"Judy","March 31, 2019",2,"Format: DVDVerified Purchase",36,0.21195104280384,-0.0676360412134364
"71",71,"bwynn","April 8, 2019",2,"Format: Prime VideoVerified Purchase",98,0.315667506956592,-0.0281792055906163
"72",72,"chelsey p","April 10, 2019",1,"Format: Prime VideoVerified Purchase",33,0.271348824993976,-0.0399198563510108
"73",73,"Drew Irving","April 20, 2019",1,"Format: Prime VideoVerified Purchase",237,0.450801106114457,0.0569897836370822
"74",74,"Movie Nerd","April 4, 2019",3,"Format: Blu-rayVerified Purchase",100,0.221193141309345,0.103774397020383
"75",75,"Frankv74","April 15, 2019",3,"Format: Prime VideoVerified Purchase",104,0.371805246243814,0.111334351811182
"76",76,"Joseph H. Allard","April 8, 2019",4,"Format: Prime VideoVerified Purchase",53,0.512793049055108,0.279981073159523
"77",77,"Zuess.","April 9, 2019",1,"Format: Prime VideoVerified Purchase",27,0.332743285911422,-0.213549160700497
"78",78,"James D. Porter","April 21, 2019",1,"Format: DVDVerified Purchase",92,0.368877107203827,0.0970644439042581
"79",79,"Texas Scouter","April 23, 2019",1,"Format: Prime VideoVerified Purchase",95,0.316087534867052,-0.112781879206401
"80",80,"Kate Johnson","April 4, 2019",2,"Format: Prime VideoVerified Purchase",49,1.13178157111713,0.0533210473054432
"81",81,"N. E. H.","April 18, 2019",1,"Format: Prime VideoVerified Purchase",85,0.198923043214039,-0.137421757901867
"82",82,"TPad","April 16, 2019",5,"Format: Blu-rayVerified Purchase",80,0.206253836043297,0.540540067992459
"83",83,"Christian E. Hill","April 8, 2019",1,"Format: Prime VideoVerified Purchase",134,0.269809517837811,-0.100458808923699
"84",84,"ScorpioGirlinNashville","April 8, 2019",3,"Format: Prime VideoVerified Purchase",79,0.152664949510448,0.0261091440584035
"85",85,"No Name Texan","April 13, 2019",1,"Format: Prime VideoVerified Purchase",77,0.0981521875376436,0.135067236756887
"86",86,"C. Clines","March 31, 2019",4,"Format: Blu-rayVerified Purchase",84,0.306764711045119,0.332949648555417
"87",87,"Nic","January 17, 2019",1,"Format: Blu-ray",266,0.418531509582861,-0.0156094410425131
"88",88,"Amazon Customer","April 4, 2019",1,"Format: Prime VideoVerified Purchase",15,NA,-0.774596669241483
"89",89,"Steve Whitaker","April 13, 2019",2,"Format: Prime VideoVerified Purchase",129,0.268943248117709,0.0852408317146354
"90",90,"Kevin J","April 3, 2019",2,"Format: Blu-rayVerified Purchase",50,0.541613171068072,0.268270479106902
"91",91,"Michael","April 6, 2019",1,"Format: Prime VideoVerified Purchase",43,0.183704834829287,-0.224848399293864
"92",92,"Jimmy Quillen","March 26, 2019",1,"Format: Blu-rayVerified Purchase",16,NA,-0.45
"93",93,"Kevin Price","April 22, 2019",5,"Format: Prime VideoVerified Purchase",142,0.197611600516309,0.196709838755272
"94",94,"John IV","April 22, 2019",4,"Format: Blu-rayVerified Purchase",68,0.394323185014923,0.254192164184406
"95",95,"Donqueako Jordan","April 16, 2019",5,"Format: Blu-rayVerified Purchase",76,0.281301594898352,0.0573968399910486
"96",96,"Anglo","April 12, 2019",2,"Format: Prime VideoVerified Purchase",74,0.290369498348135,0.304718807296464
"97",97,"PSP","March 29, 2019",1,"Format: Blu-rayVerified Purchase",108,0.349721489548518,0.250108596608013
"98",98,"Jacob","April 5, 2019",2,"Format: Prime VideoVerified Purchase",5,NA,0
"99",99,"David","April 17, 2019",4,"Format: Prime VideoVerified Purchase",63,0.10362645149492,0.165332926358225
"100",100,"David DeChristo","March 29, 2019",5,"Format: Blu-rayVerified Purchase",33,0.279541893884956,0.360165968791783
"101",101,"Niels Bohr","April 9, 2019",3,"Format: Prime VideoVerified Purchase",64,0.294074756318518,0.0882610547475822
"102",102,"Magarity","April 17, 2019",5,"Format: Prime VideoVerified Purchase",69,0.279805200798212,0.0224792890147149
"103",103,"T.S.","March 30, 2019",1,"Format: Prime VideoVerified Purchase",18,0.22391714737574,0.108333333333333
"104",104,"Amazon Customer","April 7, 2019",1,"Format: Prime VideoVerified Purchase",87,0.605923991467096,-0.214365189346087
"105",105,"Todd Pygensky","March 26, 2019",2,"Format: Blu-rayVerified Purchase",50,0.177329536556689,-0.17867120462979
"106",106,"Carol Larson","April 8, 2019",5,"Format: Blu-rayVerified Purchase",58,0.473767905677807,0.158704027970071
"107",107,"Bob Landers","April 2, 2019",1,"Format: Blu-rayVerified Purchase",35,0.258149234119115,-0.157944230108774
"108",108,"Deborah F.","April 8, 2019",1,"Format: Prime VideoVerified Purchase",35,0.266300253021964,0.157507279630745
"109",109,"J. Walsh","April 6, 2019",1,"Format: Prime VideoVerified Purchase",28,0.438370123701843,-0.0650255128608411
"110",110,"Amazon Customer","April 18, 2019",5,"Format: Prime VideoVerified Purchase",58,0.395123159925763,0.169601599388971
"111",111,"Jesse","April 11, 2019",2,"Format: Blu-rayVerified Purchase",87,0.119002296762511,-0.0556365626476432
"112",112,"T. clark","March 26, 2019",1,"Format: Blu-rayVerified Purchase",18,NA,-0.235702260395516
"113",113,"atl-reviewer","April 7, 2019",2,"Format: Prime VideoVerified Purchase",28,0.41217959389823,-0.284050582374512
"114",114,"Matt Wilson","April 11, 2019",2,"Format: Prime VideoVerified Purchase",47,0.166993508003283,-0.303567448623845
"115",115,"Mannhardts","April 8, 2019",1,"Format: Prime VideoVerified Purchase",24,0.747512649854605,-0.295634727670648
"116",116,"AZ Man","April 8, 2019",2,"Format: DVDVerified Purchase",48,0.123880327672227,0.139635931733958
"117",117,"khuddle","April 13, 2019",2,"Format: DVDVerified Purchase",44,0.308173421259968,0.0372526753175922
"118",118,"Steve Mathisen","April 17, 2019",5,"Format: Prime VideoVerified Purchase",44,0.447763279224693,0.0959984538254724
"119",119,"L. wilson","April 14, 2019",2,"Format: Prime VideoVerified Purchase",67,0.216890748329166,-0.0704633036016295
"120",120,"Scoot","April 17, 2019",3,"Format: Prime VideoVerified Purchase",50,0.0921837829957439,0.461831533411529
"121",121,"Kathy Chatterton","April 3, 2019",1,"Format: Blu-rayVerified Purchase",26,0.0226736485683475,-0.242166199090242
"122",122,"Amazon Customer","March 27, 2019",1,"Format: DVDVerified Purchase",29,0.025112872410916,-0.495054559677751
"123",123,"Pinksneekaz","April 15, 2019",2,"Format: Prime VideoVerified Purchase",51,0.355109925783779,-0.0895215089521399
"124",124,"R. Tricoche","April 22, 2019",1,"Format: Prime VideoVerified Purchase",46,0.151796934198294,0.152666859842676
"125",125,"Dark Siren","April 7, 2019",1,"Format: Prime VideoVerified Purchase",17,NA,-0.424437343813583
"126",126,"John Wunder","April 2, 2019",4,"Format: Prime VideoVerified Purchase",44,0.361642903407389,0.435872037940955
"127",127,"HonestOrders","April 18, 2019",4,"Format: Prime VideoVerified Purchase",50,0.174702408077052,0.323924119532755
"128",128,"Emily","April 6, 2019",2,"Format: Prime VideoVerified Purchase",38,0.0881195218212251,0.010670133485272
"129",129,"Shadow777a","April 22, 2019",4,"Format: Prime VideoVerified Purchase",42,NA,0
"130",130,"Alisa","April 10, 2019",5,"Format: DVDVerified Purchase",44,0.0758716098879596,0.306626481326071
"131",131,"badger1441","April 3, 2019",5,"Format: Blu-rayVerified Purchase",64,0.32643885666172,0.177039522124497
"132",132,"Prayer Lady","March 31, 2019",4,"Format: Blu-rayVerified Purchase",43,0.347385470071097,0.361120003762426
"133",133,"Crissy","April 20, 2019",2,"Format: Prime VideoVerified Purchase",37,0.233627459217872,-0.281845905141163
"134",134,"Tony Q","March 30, 2019",5,"Format: Blu-rayVerified Purchase",18,NA,0.294627825494395
"135",135,"John F Vermillion","April 4, 2019",3,"Format: Prime VideoVerified Purchase",39,0.448837463644736,0.187036528060982
"136",136,"Jessica & Devin","April 10, 2019",3,"Format: Prime VideoVerified Purchase",15,NA,0.542217668469038
"137",137,"Scott Louis","April 16, 2019",2,"Format: Prime VideoVerified Purchase",39,NA,-0.939952262835862
"138",138,"Dbeautyangel","April 8, 2019",2,"Format: Prime VideoVerified Purchase",13,NA,-0.207873898535405
"139",139,"DearDoom","April 22, 2019",2,"Format: Prime VideoVerified Purchase",49,0.133643779467444,0.0210920893782508
"140",140,"Christopher","April 9, 2019",2,"Format: Prime VideoVerified Purchase",41,0.337190114492641,0.124729253167459
"141",141,"Robert Bishop","April 22, 2019",5,"Format: Prime VideoVerified Purchase",12,0.362119407771256,0.393942911165688
"142",142,"honeycurls","April 19, 2019",2,"Format: Prime VideoVerified Purchase",41,0.131016418986998,0.242767598312484
"143",143,"Heather Swisher","April 14, 2019",1,"Format: Prime VideoVerified Purchase",46,0.320472685911484,-0.222967953192591
"144",144,"liberty","April 12, 2019",5,"Format: Blu-rayVerified Purchase",37,0.457557078494044,0.167257783608366
"145",145,"dobiegirls","April 10, 2019",3,"Format: DVDVerified Purchase",35,0.245403015272403,0.265282277466996
"146",146,"Bob Farrell","April 7, 2019",4,"Format: Prime VideoVerified Purchase",35,0.128624572615966,-0.0533862597734356
"147",147,"Shoe's Mom","April 2, 2019",5,"Format: DVDVerified Purchase",37,0.0279508497187474,-0.0275495907477458
"148",148,"mama d.","April 20, 2019",5,"Format: Blu-rayVerified Purchase",39,0.387664321313247,0.467569894114644
"149",149,"S. Reese","April 22, 2019",4,"Format: Prime VideoVerified Purchase",8,0.0896798669017876,0.478553390593274
"150",150,"lindsey","April 8, 2019",5,"Format: Prime VideoVerified Purchase",58,0.2374579272402,0.393132366423319
"151",151,"John Q Rutherton the Fifth","April 13, 2019",1,"Format: Prime VideoVerified Purchase",34,0.0353553390593274,-0.0324746728395075
"152",152,"BaBa","April 9, 2019",5,"Format: DVDVerified Purchase",38,NA,0.470442121279211
"153",153,"Stacey Lindstrom","April 6, 2019",1,"Format: Prime VideoVerified Purchase",65,0.162495067803004,-0.0435651960623596
"154",154,"Eric Richard","April 6, 2019",2,"Format: Prime VideoVerified Purchase",11,NA,0.271360210119987
"155",155,"Stephanie Reece","April 14, 2019",5,"Format: DVDVerified Purchase",37,0.516216550478468,0.0378857212249699
"156",156,"Josh D.","April 8, 2019",1,"Format: Prime VideoVerified Purchase",31,0.272619935336645,-0.042015732674298
"157",157,"AC","April 6, 2019",2,"Format: Prime VideoVerified Purchase",7,NA,0
"158",158,"Inder","April 2, 2019",1,"Format: Prime VideoVerified Purchase",22,0.0883883476483184,-0.0682107912304084
"159",159,"RaeVonT","April 8, 2019",2,"Format: Prime VideoVerified Purchase",9,NA,-0.5
"160",160,"Claudia Trommer","April 23, 2019",4,"Format: Blu-rayVerified Purchase",40,0.411602353829017,0.358886868074839
"161",161,"JerseyGRL","April 18, 2019",5,"Format: Blu-rayVerified Purchase",34,0.0589299203321503,0.141232955626519
"162",162,"Rocket77","April 8, 2019",5,"Format: Blu-rayVerified Purchase",30,0.217370292332473,0.268411874672075
"163",163,"RICHARD C.","March 31, 2019",5,"Format: DVDVerified Purchase",37,0.184945514347211,0.223221481055114
"164",164,"jewelryinvegas","April 7, 2019",4,"Format: Prime VideoVerified Purchase",30,0.604313939574621,-0.41059977430312
"165",165,"Maureen A","April 12, 2019",4,"Format: Blu-rayVerified Purchase",36,0.25827855885157,0.20903625806589
"166",166,"Hayley Carlson","April 11, 2019",5,"Format: Prime VideoVerified Purchase",50,0.227735777630917,0.298752767845579
"167",167,"nathan nowak","April 11, 2019",1,"Format: Prime VideoVerified Purchase",19,0.817567999907396,-0.650276660464346
"168",168,"Eagle Eyes","April 24, 2019",4,"Format: Prime VideoVerified Purchase",30,0.26202864501571,0.273207781468888
"169",169,"Albuquerque","March 31, 2019",5,"Format: Blu-rayVerified Purchase",30,0.332320229862839,0.238309199724583
"170",170,"courtney","April 15, 2019",3,"Format: Prime VideoVerified Purchase",38,0.231961157832553,0.307814363877651
"171",171,"LyleRoberts","April 13, 2019",3,"Format: Prime VideoVerified Purchase",28,0.080944450783637,-0.00731335238825982
"172",172,"Kimber Skarzynski","April 23, 2019",5,"Format: Prime VideoVerified Purchase",4,0.25,0.192929252116487
"173",173,"Lisa A","April 14, 2019",4,"Format: Prime VideoVerified Purchase",31,0.30115076511955,0.328577700640313
"174",174,"Kindle Customer","April 17, 2019",1,"Format: Prime VideoVerified Purchase",50,0.390480748234034,-0.0490121373533415
"175",175,"Amazon Customer","March 27, 2019",5,"Format: Blu-rayVerified Purchase",36,NA,0.108466666666667
"176",176,"Nathan Martin","April 2, 2019",5,"Format: Blu-rayVerified Purchase",28,0.327483731290002,0.380806468572361
"177",177,"Dennis D","April 4, 2019",5,"Format: Prime VideoVerified Purchase",25,0.428352475613247,0.219511648172166
"178",178,"michael","April 2, 2019",4,"Format: Prime VideoVerified Purchase",33,NA,0.261203522761525
"179",179,"JKN","April 13, 2019",5,"Format: Prime VideoVerified Purchase",28,0.273868962939522,0.388761451519434
"180",180,"Mary C.","April 2, 2019",5,"Format: Blu-rayVerified Purchase",29,0.077151674981046,0.0595392598145098
"181",181,"kardmorris","April 12, 2019",1,"Format: Prime VideoVerified Purchase",38,0.630513705117018,-0.385785443790507
"182",182,"AL- B TheRealReviewer","April 24, 2019",5,"Format: Prime VideoVerified Purchase",29,0.204550279755172,0.254035988141049
"183",183,"Amazon Customer","April 4, 2019",1,"Format: Prime VideoVerified Purchase",53,0.282110973472699,-0.205734138018107
"184",184,"TomG","April 11, 2019",5,"Format: Blu-rayVerified Purchase",27,0.318198051533946,0.24555884842947
"185",185,"jeff","April 4, 2019",4,"Format: Blu-rayVerified Purchase",2,NA,0.353553390593274
"186",186,"JJohnston","April 4, 2019",4,"Format: Prime VideoVerified Purchase",29,0.462180623485817,0.371719388211086
"187",187,"James Bowland","April 13, 2019",1,"Format: Prime VideoVerified Purchase",34,0.114904851942814,-0.0886740285995309
"188",188,"Jose Mellado","April 3, 2019",1,"Format: Prime VideoVerified Purchase",15,NA,-0.309838667696593
"189",189,"Amazon Customer","April 7, 2019",1,"Format: Prime VideoVerified Purchase",52,0.410314527299167,0.0269643003635818
"190",190,"menab","April 9, 2019",4,"Format: Prime VideoVerified Purchase",25,0.437766099378292,0.0634905374288405
"191",191,"Loretta Cogar","April 19, 2019",5,"Format: Blu-rayVerified Purchase",31,0.261583307278073,0.0838820329291428
"192",192,"B.D.","April 21, 2019",4,"Format: Blu-rayVerified Purchase",30,0.105962588565204,0.089609085904589
"193",193,"Sunny","April 1, 2019",5,"Format: DVDVerified Purchase",54,0.323531774561378,-0.128072278810782
"194",194,"Sunshineyday82","March 26, 2019",1,"Format: Blu-rayVerified Purchase",26,0.278032981830948,-0.272975268428777
"195",195,"Sed","April 11, 2019",4,"Format: Prime VideoVerified Purchase",24,0.228217732293819,-0.176119505644668
"196",196,"Lee A. Murphy","April 6, 2019",1,"Format: Prime VideoVerified Purchase",1,NA,-0.75
"197",197,"Amazon Customer","April 18, 2019",4,"Format: Blu-rayVerified Purchase",29,0.240044148179528,0.183443354352121
"198",198,"Amanda Mitchell ","April 17, 2019",3,"Format: Prime VideoVerified Purchase",25,0.155804464876626,0.0833385024105042
"199",199,"Damara Rice","April 22, 2019",2,"Format: Prime VideoVerified Purchase",25,0.203613195381177,0.150041237802048
"200",200,"H.D.A. 4691","April 9, 2019",4,"Format: Blu-rayVerified Purchase",20,0.132582521472478,-0.03125
"201",201,"RS","April 10, 2019",4,"Format: Blu-rayVerified Purchase",25,0.289144044498285,0.374851723157458
"202",202,"J.phipps","April 21, 2019",4,"Format: DVDVerified Purchase",25,0.312039446931071,0.487906450835084
"203",203,"Chef E","April 10, 2019",5,"Format: Prime VideoVerified Purchase",24,0.105101909242318,0.356700642600517
"204",204,"Moria Grey","April 22, 2019",5,"Format: Prime VideoVerified Purchase",26,0.154744388427913,0.388885262957677
"205",205,"Amanda","April 19, 2019",3,"Format: Prime VideoVerified Purchase",24,0.194630218696511,0.0411661634944997
"206",206,"Judith Priddy","April 18, 2019",5,"Format: Blu-rayVerified Purchase",31,0.0876376328821207,0.131306689026238
"207",207,"Amazon Customer","April 21, 2019",4,"Format: Prime VideoVerified Purchase",31,0.209302974056331,0.414500447722257
"208",208,"kiml","March 31, 2019",5,"Format: Blu-rayVerified Purchase",21,0.142062484845939,0.360345399370059
"209",209,"Marvia","April 14, 2019",5,"Format: Prime VideoVerified Purchase",24,NA,0.74505313009655
"210",210,"Dane T Randel","April 13, 2019",2,"Format: Prime VideoVerified Purchase",49,0.422469496765871,-0.406374213161551
"211",211,"Madd","April 16, 2019",4,"Format: Prime VideoVerified Purchase",22,0.0116573817433469,0.369721459327626
"212",212,"james junker","March 28, 2019",1,"Format: Blu-rayVerified Purchase",16,0.473293132738903,-0.190331216351297
"213",213,"Kat G.","April 21, 2019",5,"Format: Prime VideoVerified Purchase",22,0.0787186277275449,0.194337524528154
"214",214,"Leroy Turrentine Sr","April 22, 2019",5,"Format: DVDVerified Purchase",21,0.456951847288868,0.174059394574173
"215",215,"Eric Roman","April 6, 2019",1,"Format: Prime VideoVerified Purchase",35,0.406586462806446,-0.229678380547273
"216",216,"GQPC","April 12, 2019",3,"Format: Prime VideoVerified Purchase",20,0.396833715634749,0.191851779932749
"217",217,"Sandra Matza","April 19, 2019",5,"Format: Prime VideoVerified Purchase",18,NA,0.22391714737574
"218",218,"JT","April 6, 2019",2,"Format: Prime VideoVerified Purchase",19,NA,0.486934895140267
"219",219,"Valerie K","April 6, 2019",5,"Format: Prime VideoVerified Purchase",17,0.352494813255683,0.602804863379453
"220",220,"J. Henry","April 17, 2019",4,"Format: Blu-rayVerified Purchase",20,0.141573007141942,0.716281027468488
"221",221,"Junia H Meggs","April 13, 2019",5,"Format: DVDVerified Purchase",22,0.112248464291181,0.124518779349996
"222",222,"MN. FATTS","April 12, 2019",5,"Format: Blu-rayVerified Purchase",17,0.318198051533946,0.375
"223",223,"jenny finlan","April 16, 2019",4,"Format: Prime VideoVerified Purchase",19,NA,-0.321526151019592
"224",224,"64 worldsfair","April 19, 2019",5,"Format: DVDVerified Purchase",17,0.0914044119894711,0.844055542954119
"225",225,"D","April 11, 2019",5,"Format: Blu-rayVerified Purchase",17,NA,0.858576112628619
"226",226,"Carlo Nati","March 31, 2019",5,"Format: Prime VideoVerified Purchase",20,0.425248785262571,0.277635016962968
"227",227,"Heather","April 3, 2019",5,"Format: Blu-rayVerified Purchase",15,0.249748180995736,0.47659863237109
"228",228,"Debpip","April 22, 2019",5,"Format: Prime VideoVerified Purchase",20,0.160437927384034,0.257784313710172
"229",229,"David M. Lay","April 17, 2019",1,"Format: Blu-rayVerified Purchase",23,NA,-0.229365855462782
"230",230,"suzanne cotton","April 20, 2019",5,"Format: Prime VideoVerified Purchase",15,0.344995027569949,0.752560118359845
"231",231,"Kindle Customer","April 2, 2019",5,"Format: Prime VideoVerified Purchase",17,0.686823404763579,0.516062227673328
"232",232,"paintgal06","April 18, 2019",5,"Format: Prime VideoVerified Purchase",17,NA,0.0897381812634432
"233",233,"Ginger P. Chapman","April 20, 2019",5,"Format: Prime VideoVerified Purchase",29,0.266295418048801,0.397833648408362
"234",234,"R. Rogge","April 18, 2019",5,"Format: Blu-rayVerified Purchase",16,NA,0.625
"235",235,"Kathy Yoder","April 16, 2019",5,"Format: Prime VideoVerified Purchase",19,0.514349730814502,0.692549593875945
"236",236,"Linda","April 11, 2019",5,"Format: Blu-rayVerified Purchase",18,NA,0.483189633810807
"237",237,"Alexis","April 7, 2019",5,"Format: Prime VideoVerified Purchase",21,0.154626425376352,0.148860773954676
"238",238,"michael","April 2, 2019",5,"Format: Prime VideoVerified Purchase",16,NA,0.646875
"239",239,"David Liebtag","April 16, 2019",1,"Format: Prime VideoVerified Purchase",17,NA,-0.594212281339016
"240",240,"Stephanie","April 16, 2019",5,"Format: Prime VideoVerified Purchase",20,0.0942618839216175,0.376508488585954
"241",241,"Oldsoul10*foxy11!","April 7, 2019",3,"Format: DVDVerified Purchase",18,NA,0.14142135623731
"242",242,"Angelik","April 15, 2019",5,"Format: Prime VideoVerified Purchase",14,0.218425527639088,0.256866328337711
"243",243,"Erin M Boss","March 31, 2019",4,"Format: Blu-rayVerified Purchase",38,0.033407655239053,0.0257812557609437
"244",244,"Raymond A. Homewood","April 20, 2019",4,"Format: Prime VideoVerified Purchase",17,0.0995561435999401,0.307567648760928
"245",245,"Detlef P.","April 14, 2019",5,"Format: Prime VideoVerified Purchase",14,NA,0.320713490294909
"246",246,"Pinky","April 9, 2019",4,"Format: DVDVerified Purchase",18,NA,0.515598694615191
"247",247,"The Tank","April 7, 2019",5,"Format: Prime VideoVerified Purchase",18,NA,0.247487373415292
"248",248,"Tes","April 21, 2019",5,"Format: Prime VideoVerified Purchase",16,0.292945946315029,0.336216031083118
"249",249,"Patrick J. Leahy","March 28, 2019",5,"Format: Blu-rayVerified Purchase",21,0.224014450391108,0.419463680488242
"250",250,"BOREDrightNOW","April 3, 2019",4,"Format: Blu-rayVerified Purchase",15,NA,-0.361478445646026
"251",251,"David W","April 1, 2019",5,"Format: Blu-rayVerified Purchase",13,0.192517195508313,0.140606203521877
"252",252,"lionel pacombe","April 3, 2019",4,"Format: Prime VideoVerified Purchase",15,0.0423782993594377,0.296632649518879
"253",253,"Joanie Wallace","March 27, 2019",5,"Format: DVDVerified Purchase",17,0.139851443734435,0.323365452375888
"254",254,"Amazon Customer","April 20, 2019",5,"Format: Prime VideoVerified Purchase",16,NA,0.1875
"255",255,"Kevin Downs","April 13, 2019",5,"Format: Prime VideoVerified Purchase",13,0.148222445794437,0.183866038049511
"256",256,"Bob Ornelas","March 27, 2019",5,"Format: Blu-rayVerified Purchase",12,0.46475800154489,0.393030599282257
"257",257,"Joel Bicera","April 11, 2019",5,"Format: Blu-rayVerified Purchase",15,NA,-0.129099444873581
"258",258,"Steven Miller","April 6, 2019",2,"Format: Prime VideoVerified Purchase",12,NA,-0.0541265877365274
"259",259,"darren albert","April 1, 2019",5,"Format: DVDVerified Purchase",15,NA,0.645497224367903
"260",260,"phillygirl","April 6, 2019",5,"Format: Blu-rayVerified Purchase",14,NA,0.288642141265418
"261",261,"Kenneth.Roundtree","March 28, 2019",5,"Format: Blu-rayVerified Purchase",12,0.641426980589819,0.49500011061012
"262",262,"Wendeful","April 10, 2019",5,"Format: DVDVerified Purchase",16,0.22780773160462,0.0889156081756484
"263",263,"Steve","April 20, 2019",2,"Format: Prime VideoVerified Purchase",17,0.499893010265126,0.0795349644659922
"264",264,"Amazon Customer","April 2, 2019",5,"Format: Blu-rayVerified Purchase",16,0.278714689945172,0.318988868576123
"265",265,"Michael SD","April 21, 2019",2,"Format: Prime VideoVerified Purchase",14,NA,0.200445931434318
"266",266,"Amazon Customer","April 5, 2019",5,"Format: Blu-rayVerified Purchase",15,0.0797612419124244,0.321564757977091
"267",267,"Gaile Wilson","April 9, 2019",1,"Format: Prime VideoVerified Purchase",27,0.124882431250876,0.1383547641702
"268",268,"Joan Hagan","April 12, 2019",5,"Format: Prime VideoVerified Purchase",13,NA,0.693375245281536
"269",269,"Amanda","April 12, 2019",5,"Format: Blu-rayVerified Purchase",15,0.358849453327429,0.0253587098736319
"270",270,"Samo G","April 12, 2019",4,"Format: Prime VideoVerified Purchase",20,NA,0.419262745781211
"271",271,"Steven M. Kristensen","April 1, 2019",5,"Format: Blu-rayVerified Purchase",12,0.376099033699941,0.61949556772021
"272",272,"John Goodson","April 17, 2019",4,"Format: Prime VideoVerified Purchase",12,0,0
"273",273,"itsawonderfullife","April 4, 2019",5,"Format: DVDVerified Purchase",10,0.075,0.583363094478902
"274",274,"Barbara J Barbre","March 28, 2019",5,"Format: Blu-rayVerified Purchase",7,0.212992631828547,0.637652416360247
"275",275,"Morene T.","April 16, 2019",5,"Format: DVDVerified Purchase",11,0.136197276938089,0.708678453797859
"276",276,"deborah mack","April 1, 2019",1,"Format: Blu-rayVerified Purchase",60,0.312285154463822,-0.112282913598309
"277",277,"Bethesda","April 15, 2019",4,"Format: Prime VideoVerified Purchase",10,NA,0.474341649025257
"278",278,"Bookmedic","April 9, 2019",5,"Format: Blu-rayVerified Purchase",10,NA,0
"279",279,"Chad Rische","April 15, 2019",4,"Format: Prime VideoVerified Purchase",16,NA,0.53125
"280",280,"LJ A","April 1, 2019",4,"Format: Blu-rayVerified Purchase",11,0.217750854768068,0.442648240610481
"281",281,"Right Expectation","April 8, 2019",5,"Format: DVDVerified Purchase",10,0.0625,0.309359216769114
"282",282,"Lois","March 28, 2019",5,"Format: Blu-rayVerified Purchase",13,NA,0.610170215847752
"283",283,"lola","April 13, 2019",5,"Format: Prime VideoVerified Purchase",9,NA,0.25
"284",284,"Videographer/Photographer","March 29, 2019",5,"Format: Blu-rayVerified Purchase",9,0.126826484044322,0.522692568794007
"285",285,"Amazon Customer","April 15, 2019",1,"Format: Prime VideoVerified Purchase",10,NA,-0.158113883008419
"286",286,"Gina Ferrell","April 16, 2019",2,"Format: DVDVerified Purchase",15,0.0456435464587638,0.0385992502730967
"287",287,"K. T. MCCLINTIC","April 12, 2019",1,"Format: Prime VideoVerified Purchase",10,0.36932331452839,-0.11681345285591
"288",288,"George","April 12, 2019",5,"Format: Prime VideoVerified Purchase",8,NA,0.901561146012848
"289",289,"Connie A.","April 14, 2019",5,"Format: Blu-rayVerified Purchase",11,0.268597581784856,0.303221611780262
"290",290,"Joey","April 20, 2019",1,"Format: Prime VideoVerified Purchase",36,0.438849605351122,-0.201871455064759
"291",291,"Debbie","April 4, 2019",5,"Format: Blu-rayVerified Purchase",21,0.0504449199388326,0.292922412995165
"292",292,"Jeff Johnston","April 12, 2019",2,"Format: Prime VideoVerified Purchase",12,NA,0
"293",293,"Andretti, M","March 27, 2019",5,"Format: Blu-rayVerified Purchase",9,NA,0.166666666666667
"294",294,"Lois L. Simpson","April 21, 2019",5,"Format: Blu-rayVerified Purchase",9,NA,0.333333333333333
"295",295,"Amazon Customer","April 16, 2019",5,"Format: Blu-rayVerified Purchase",40,0.276388915415737,0.304275475342837
"296",296,"eightyfouriner","April 22, 2019",5,"Format: Blu-rayVerified Purchase",9,0.0540181513475453,0.261803398874989
"297",297,"Schmidt","April 14, 2019",5,"Format: Prime VideoVerified Purchase",17,0.0122472552750493,0.386624590265137
"298",298,"ezearn","April 7, 2019",5,"Format: Blu-rayVerified Purchase",8,0.112103620784906,0.367944365047385
"299",299,"Craig Sullivan","April 7, 2019",4,"Format: Blu-rayVerified Purchase",9,NA,0.833333333333333
"300",300,"Ryan Tobias","April 23, 2019",5,"Format: Blu-rayVerified Purchase",9,NA,0.75
"301",301,"Kevin Kress","April 5, 2019",1,"Format: Prime VideoVerified Purchase",34,0.125442395951365,-0.161339094865402
"302",302,"Barbara","April 3, 2019",5,"Format: Blu-rayVerified Purchase",12,NA,0.591784025919366
"303",303,"Ryan M.","April 18, 2019",2,"Format: Prime VideoVerified Purchase",23,0.133630620956212,-0.103125023043775
"304",304,"TyCrew","March 27, 2019",5,"Format: Blu-rayVerified Purchase",46,0.295462191120909,0.453550670640584
"305",305,"Erin","April 4, 2019",5,"Format: DVDVerified Purchase",8,0.255589775285203,0.252283438586106
"306",306,"Leslie G.","April 5, 2019",5,"Format: Blu-rayVerified Purchase",11,0.649519052838329,0.50124490039803
"307",307,"C Green","April 11, 2019",5,"Format: Prime VideoVerified Purchase",11,NA,0.618098256384415
"308",308,"bubba cavanaugh","March 29, 2019",5,"Format: Blu-rayVerified Purchase",9,NA,3.53333333333333
"309",309,"KFL","April 10, 2019",5,"Format: Prime VideoVerified Purchase",21,NA,-0.109108945117996
"310",310,"Me","April 3, 2019",5,"Format: DVDVerified Purchase",10,0,0.223606797749979
"311",311,"Gerardo Mercado","April 2, 2019",3,"Format: Blu-rayVerified Purchase",39,0.02,0.0154343401693189
"312",312,"Kindle Customer","April 22, 2019",1,"Format: Prime VideoVerified Purchase",9,NA,-0.5
"313",313,"M M","April 18, 2019",5,"Format: Blu-rayVerified Purchase",8,NA,0.618718433538229
"314",314,"R1SYN","April 6, 2019",4,"Format: Prime VideoVerified Purchase",8,0.086324865405187,0.469289188176887
"315",315,"Amazon Customer","March 28, 2019",5,"Format: Blu-rayVerified Purchase",7,NA,0.41576092031015
"316",316,"Amazon Customer","April 14, 2019",5,"Format: Prime VideoVerified Purchase",9,NA,0.25
"317",317,"FlaGator","April 13, 2019",5,"Format: Blu-rayVerified Purchase",3,NA,0
"318",318,"gchild","April 1, 2019",5,"Format: Blu-rayVerified Purchase",6,NA,0.306186217847897
"319",319,"Tempting Fortune","April 14, 2019",5,"Format: Blu-rayVerified Purchase",7,0.217797870199579,0.27900635094611
"320",320,"Yoda3647","April 19, 2019",5,"Format: Blu-rayVerified Purchase",6,NA,0.612372435695795
"321",321,"Tom Nicholas","April 11, 2019",5,"Format: Blu-rayVerified Purchase",7,0.265165042944955,0.204632373691225
"322",322,"Zach","April 9, 2019",5,"Format: Prime VideoVerified Purchase",7,NA,0.0188982236504614
"323",323,"NJ B","April 10, 2019",5,"Format: DVDVerified Purchase",6,0,0.288675134594813
"324",324,"Kanegal30 ","April 20, 2019",5,"Format: Blu-rayVerified Purchase",11,0.233375854768068,0.453696784066521
"325",325,"David B.","April 16, 2019",4,"Format: Blu-rayVerified Purchase",8,NA,0.0176776695296637
"326",326,"T. M. D.","April 22, 2019",5,"Format: Blu-rayVerified Purchase",17,0.117851130197758,0.0909477216405446
"327",327,"Wizard","April 13, 2019",5,"Format: Blu-rayVerified Purchase",6,NA,0.306186217847897
"328",328,"IOWAHEALZERS","April 4, 2019",5,"Format: Prime VideoVerified Purchase",5,NA,0.223606797749979
"329",329,"Perry Kennerson Jr","April 12, 2019",5,"Format: DVDVerified Purchase",4,NA,1.575
"330",330,"Bonnie C Cain","April 16, 2019",5,"Format: Prime VideoVerified Purchase",5,NA,0.447213595499958
"331",331,"Jennifer","April 12, 2019",5,"Format: Prime VideoVerified Purchase",6,NA,0.306186217847897
"332",332,"Smitha Thompson","April 14, 2019",5,"Format: Prime VideoVerified Purchase",6,NA,0.612372435695795
"333",333,"RELL","March 30, 2019",5,"Format: Blu-rayVerified Purchase",5,NA,0.447213595499958
"334",334,"Amazon Customer","March 27, 2019",5,"Format: Blu-rayVerified Purchase",7,NA,-0.0944911182523068
"335",335,"MH","April 14, 2019",5,"Format: Prime VideoVerified Purchase",6,NA,0.306186217847897
"336",336,"Mark Frasier","April 11, 2019",5,"Format: Blu-rayVerified Purchase",7,NA,0.661437827766148
"337",337,"Amazon Customer","April 9, 2019",5,"Format: Prime VideoVerified Purchase",5,NA,0.223606797749979
"338",338,"Jason J","April 16, 2019",5,"Format: Blu-rayVerified Purchase",15,NA,0.72037490239458
"339",339,"Tara Michelle York","March 31, 2019",5,"Format: Prime VideoVerified Purchase",53,0.252036829576039,0.300538097813661
"340",340,"donna b","April 1, 2019",5,"Format: Blu-rayVerified Purchase",10,NA,0.189736659610103
"341",341,"MrsKing","April 19, 2019",5,"Format: Prime VideoVerified Purchase",8,NA,0.265165042944955
"342",342,"stephanie robertson","April 24, 2019",5,"Format: Prime VideoVerified Purchase",4,NA,0.375
"343",343,"Wesley","April 21, 2019",4,"Format: Blu-rayVerified Purchase",6,NA,0.734846922834954
"344",344,"ahmed","April 11, 2019",5,"Format: Blu-rayVerified Purchase",28,NA,-0.0472455591261534
"345",345,"Marta Martín Hernanz","April 19, 2019",5,"Format: Blu-rayVerified Purchase",4,NA,0.4
"346",346,"DavPa1995","April 22, 2019",5,"Format: Prime VideoVerified Purchase",6,NA,0.612372435695795
"347",347,"Amberly JohannesPurvis","April 19, 2019",5,"Format: Blu-rayVerified Purchase",3,NA,0.433012701892219
"348",348,"Zippy","April 14, 2019",5,"Format: DVDVerified Purchase",5,NA,0
"349",349,"rick garske","April 18, 2019",3,"Format: DVDVerified Purchase",4,NA,-0.2
"350",350,"DebiR","April 2, 2019",5,"Format: DVDVerified Purchase",10,NA,0.237170824512628
"351",351,"Leanne","April 16, 2019",5,"Format: Prime VideoVerified Purchase",3,NA,0.577350269189626
"352",352,"greg","April 23, 2019",5,"Format: Prime VideoVerified Purchase",4,NA,0.375
"353",353,"Amanda Hasbrouck","April 16, 2019",3,"Format: Prime VideoVerified Purchase",2,NA,0.212132034355964
"354",354,"Madrid Morenita","April 20, 2019",5,"Format: DVDVerified Purchase",5,NA,0.223606797749979
"355",355,"Rob","April 16, 2019",5,"Format: Prime VideoVerified Purchase",5,NA,0.223606797749979
"356",356,"Savannah Barsotti","April 18, 2019",5,"Format: DVDVerified Purchase",5,NA,0.670820393249937
"357",357,"Safety Machinist","April 22, 2019",4,"Format: Prime VideoVerified Purchase",4,0.025,0.548007755419574
"358",358,"julia velazquez","April 13, 2019",5,"Format: DVDVerified Purchase",3,NA,0
"359",359,"MARK JOHNSON","April 17, 2019",5,"Format: Prime VideoVerified Purchase",2,NA,0.636396103067893
"360",360,"sharon cook","April 13, 2019",5,"Format: DVDVerified Purchase",3,NA,0
"361",361,"Ms.Intenz","April 7, 2019",5,"Format: Prime VideoVerified Purchase",3,NA,0.288675134594813
"362",362,"Angie","April 8, 2019",5,"Format: Prime VideoVerified Purchase",3,NA,0.288675134594813
"363",363,"Lynne","March 29, 2019",5,"Format: DVDVerified Purchase",3,NA,0.288675134594813
"364",364,"Dylan Holland","April 1, 2019",5,"Format: DVDVerified Purchase",2,NA,0.530330085889911
"365",365,"Shawn DeGroot","April 4, 2019",5,"Format: DVDVerified Purchase",3,NA,0.433012701892219
"366",366,"Amazon Customer","April 4, 2019",5,"Format: Prime VideoVerified Purchase",26,0.141726143559565,0.30508326757541
"367",367,"Steven P.","April 13, 2019",5,"Format: Blu-rayVerified Purchase",3,NA,0.288675134594813
"368",368,"Amazon Customer","April 18, 2019",5,"Format: Blu-rayVerified Purchase",3,NA,0.288675134594813
"369",369,"K. Wendel","March 29, 2019",5,"Format: Blu-rayVerified Purchase",7,0.196116256107899,0.438675134594813
"370",370,"Amazon Customer","April 16, 2019",5,"Format: Blu-rayVerified Purchase",9,NA,0.25
"371",371,"Amazon Customer","April 15, 2019",5,"Format: Blu-rayVerified Purchase",2,NA,0.424264068711928
"372",372,"Terry Henwood","April 4, 2019",5,"Format: DVDVerified Purchase",4,NA,0.75
"373",373,"1noseybird","April 17, 2019",5,"Format: Blu-rayVerified Purchase",8,NA,0.176776695296637
"374",374,"Shelske","April 18, 2019",5,"Format: DVDVerified Purchase",2,NA,0.353553390593274
"375",375,"Genavee","April 23, 2019",3,"Format: Prime VideoVerified Purchase",2,NA,0
"376",376,"vickilynnbarnett","April 6, 2019",5,"Format: DVDVerified Purchase",3,NA,0.288675134594813
"377",377,"Daphne O'Reilly","April 1, 2019",5,"Format: Prime VideoVerified Purchase",8,0.313964367613587,0.557416530015482
"378",378,"mary Beavers","April 6, 2019",5,"Format: DVDVerified Purchase",6,NA,0.408248290463863
"379",379,"Clementina B.","April 7, 2019",5,"Format: Blu-rayVerified Purchase",2,NA,0
"380",380,"JDub","April 13, 2019",4,"Format: Blu-rayVerified Purchase",2,NA,0.530330085889911
"381",381,"LJ","April 6, 2019",5,"Format: Blu-rayVerified Purchase",2,NA,0.353553390593274
"382",382,"Summer","March 27, 2019",5,"Format: Blu-rayVerified Purchase",2,NA,0.353553390593274
"383",383,"Charring","April 14, 2019",5,"Format: Prime VideoVerified Purchase",3,NA,0.288675134594813
"384",384,"playmatejay29","April 11, 2019",5,"Format: DVDVerified Purchase",2,NA,0
"385",385,"Denis","April 11, 2019",5,"Format: Prime VideoVerified Purchase",2,NA,0.353553390593274
"386",386,"Lisa Patterson","April 1, 2019",5,"Format: DVDVerified Purchase",4,NA,0.375
"387",387,"Sarah C.","April 2, 2019",5,"Format: Prime VideoVerified Purchase",2,NA,0.353553390593274
"388",388,"Jennifer Jones","April 6, 2019",5,"Format: DVDVerified Purchase",2,NA,0.530330085889911
"389",389,"D. Rodriguez","April 17, 2019",5,"Format: Prime VideoVerified Purchase",2,NA,0.530330085889911
"390",390,"Stillriding","April 4, 2019",5,"Format: DVDVerified Purchase",2,NA,0.530330085889911
"391",391,"Kindle Customer","March 31, 2019",5,"Format: Prime VideoVerified Purchase",27,0.310001384904066,0.192319671427992
"392",392,"K. A. Beaver","April 21, 2019",5,"Format: Blu-rayVerified Purchase",2,NA,0.530330085889911
"393",393,"Debora Asbury","April 18, 2019",2,"Format: Prime VideoVerified Purchase",3,0.375,-0.28939387817473
"394",394,"CLAUDE H BARRON JR","April 18, 2019",5,"Format: Blu-rayVerified Purchase",1,NA,1
"395",395,"Dianne L. Walker","April 17, 2019",5,"Format: DVDVerified Purchase",8,NA,0.318198051533946
"396",396,"Jim Sommerville","April 23, 2019",5,"Format: Blu-rayVerified Purchase",2,NA,0.353553390593274
"397",397,"D. Baker","April 14, 2019",4,"Format: Prime VideoVerified Purchase",2,NA,0.353553390593274
"398",398,"Amazon Customer","April 2, 2019",5,"Format: DVDVerified Purchase",13,0.25,0.192929252116487
"399",399,"Rosa Butler","March 26, 2019",5,"Format: DVDVerified Purchase",6,0.103553390593274,0.426776695296637
"400",400,"Mel Phillip","April 3, 2019",5,"Format: DVDVerified Purchase",1,NA,0
"401",401,"Amazon Customer","April 13, 2019",5,"Format: Prime VideoVerified Purchase",1,NA,0.6
"402",402,"sharon l allen","April 15, 2019",5,"Format: Prime VideoVerified Purchase",2,NA,0.353553390593274
"403",403,"Rubberduck311","April 6, 2019",5,"Format: Prime VideoVerified Purchase",2,NA,0.353553390593274
"404",404,"scott alvarez","April 8, 2019",5,"Format: Prime VideoVerified Purchase",3,NA,0.779422863405995
"405",405,"Lonnie Polk Jr","April 10, 2019",3,"Format: Prime VideoVerified Purchase",3,NA,0
"406",406,"Sonny Garcia","April 8, 2019",5,"Format: Prime VideoVerified Purchase",1,NA,0.5
"407",407,"Sean Kelly","April 22, 2019",5,"Format: Blu-rayVerified Purchase",1,NA,0.5
"408",408,"James","April 13, 2019",5,"Format: Prime VideoVerified Purchase",2,NA,0.530330085889911
"409",409,"sonja","April 12, 2019",5,"Format: Prime VideoVerified Purchase",6,NA,0
"410",410,"A&C","April 1, 2019",5,"Format: Blu-rayVerified Purchase",2,NA,0.353553390593274
"411",411,"j vieau","April 2, 2019",5,"Format: Blu-rayVerified Purchase",9,NA,0.166666666666667
"412",412,"Muscularhuman79 ","April 17, 2019",5,"Format: Prime VideoVerified Purchase",1,NA,-1
"413",413,"Jan Carson Weatherby","April 19, 2019",3,"Format: Prime VideoVerified Purchase",13,NA,0.249615088301353
"414",414,"herbert tyrone jefferson","April 20, 2019",5,"Format: DVDVerified Purchase",2,NA,0.353553390593274
"415",415,"Donna Edwards","April 15, 2019",5,"Format: Prime VideoVerified Purchase",2,NA,0.353553390593274
"416",416,"Charles M Stewart","April 23, 2019",5,"Format: DVDVerified Purchase",3,NA,0.433012701892219
"417",417,"Natalie Patterson","April 20, 2019",5,"Format: Prime VideoVerified Purchase",6,NA,1.02062072615966
"418",418,"Jeremiah and Brogan Lee","April 13, 2019",5,"Format: Blu-rayVerified Purchase",2,NA,0.353553390593274
"419",419,"Joe Conwell","April 5, 2019",5,"Format: Prime VideoVerified Purchase",1,NA,0.75
"420",420,"ashli caldwell","March 26, 2019",5,"Format: Blu-rayVerified Purchase",1,NA,0.75
"421",421,"D. Brand","April 9, 2019",5,"Format: Blu-rayVerified Purchase",10,0.148407586173036,0.173976973960383
"422",422,"bernadette adams","April 10, 2019",1,"Format: DVDVerified Purchase",53,0.307015445336987,-0.313515223749842
"423",423,"Bob Full","April 10, 2019",5,"Format: DVDVerified Purchase",2,NA,0.353553390593274
"424",424,"Kindle Customer","April 19, 2019",1,"Format: DVDVerified Purchase",9,NA,0
"425",425,"Amazon Customer","April 22, 2019",5,"Format: Blu-rayVerified Purchase",2,NA,0.353553390593274
"426",426,"Cola Girl","March 27, 2019",5,"Format: Blu-rayVerified Purchase",1,NA,0.6
"427",427,"Lizette Jiminez","April 4, 2019",5,"Format: Prime VideoVerified Purchase",3,NA,0.433012701892219
"428",428,"Adileny Borrero","April 21, 2019",5,"Format: Blu-rayVerified Purchase",4,NA,0.375
"429",429,"Elijah","April 13, 2019",5,"Format: Prime VideoVerified Purchase",2,NA,0.353553390593274
"430",430,"Gene Teat","March 27, 2019",5,"Format: Blu-rayVerified Purchase",3,NA,0.779422863405995
"431",431,"Amazon Customer","March 30, 2019",4,"Format: Blu-rayVerified Purchase",1,NA,0.5
"432",432,"Abbella","April 15, 2019",5,"Format: Prime VideoVerified Purchase",2,NA,0.424264068711928
"433",433,"Bob Koepke","April 7, 2019",1,"Format: Prime VideoVerified Purchase",14,NA,0.0801783725737273
"434",434,"Mark Issa","April 17, 2019",5,"Format: Blu-rayVerified Purchase",2,NA,0.424264068711928
"435",435,"Sebastian Schexnayder","March 26, 2019",5,"Format: Blu-rayVerified Purchase",28,NA,0.245676907455998
"436",436,"Justin Massey","April 18, 2019",5,"Format: Blu-rayVerified Purchase",2,NA,0.353553390593274
"437",437,"Meadow","March 30, 2019",5,"Format: DVDVerified Purchase",6,NA,0.510310363079829
"438",438,"Lia N.","April 16, 2019",5,"Format: DVDVerified Purchase",8,NA,-0.265165042944955
"439",439,"Donald Bills","April 22, 2019",5,"Format: Blu-rayVerified Purchase",3,NA,0.288675134594813
"440",440,"Debra","April 16, 2019",2,"Format: Prime VideoVerified Purchase",18,0.352495225355074,0.0725770117829729
"441",441,"kristy","April 10, 2019",5,"Format: Prime VideoVerified Purchase",1,NA,1
"442",442,"Quentin Bierschwale","April 2, 2019",5,"Format: Blu-rayVerified Purchase",5,NA,0.223606797749979
"443",443,"Amazon Customer","April 11, 2019",5,"Format: Blu-rayVerified Purchase",7,0.375,0.28939387817473
"444",444,"AD","April 21, 2019",5,"Format: Prime VideoVerified Purchase",7,NA,0.28347335475692
"445",445,"Grandma Sunny","April 17, 2019",5,"Format: Prime VideoVerified Purchase",2,NA,0.353553390593274
"446",446,"Douglas Kneringer","April 7, 2019",2,"Format: Prime VideoVerified Purchase",9,0.212132034355964,0.16370589895298
"447",447,"anita hendrickson","March 30, 2019",5,"Format: DVDVerified Purchase",11,0.0142977396044841,0.343443361963303
"448",448,"Matt","April 2, 2019",5,"Format: Prime VideoVerified Purchase",10,NA,-0.553398590529466
"449",449,"Amazon Customer","April 21, 2019",5,"Format: Blu-rayVerified Purchase",2,NA,0.353553390593274
"450",450,"Shellabella","April 16, 2019",2,"Format: Prime VideoVerified Purchase",4,NA,0
"451",451,"VoodooLogic","April 7, 2019",2,"Format: Prime VideoVerified Purchase",41,0.0600499050976352,-0.0123105606463701
"452",452,"Ben","April 14, 2019",2,"Format: Prime VideoVerified Purchase",8,NA,-0.707106781186547
"453",453,"Mark","April 14, 2019",4,"Format: Prime VideoVerified Purchase",14,NA,0.651382461851056
"454",454,"Timothy Nash","April 16, 2019",5,"Format: Blu-rayVerified Purchase",4,NA,0.375
"455",455,"PS","April 1, 2019",5,"Format: Prime VideoVerified Purchase",10,0.33203915431768,0.458393935387457
"456",456,"Corey S.","April 7, 2019",5,"Format: Prime VideoVerified Purchase",31,0.312794010165739,-0.153821234297272
"457",457,"Amazon Customer","April 10, 2019",5,"Format: DVDVerified Purchase",28,0.147373856648863,0.257794277712759
"458",458,"Blake Townsend","April 17, 2019",5,"Format: Blu-rayVerified Purchase",2,NA,0.353553390593274
"459",459,"Amazon Customer","March 26, 2019",5,"Format: DVDVerified Purchase",7,NA,1.45516322108552
"460",460,"Sandy","March 28, 2019",5,"Format: Blu-rayVerified Purchase",9,0.0845509893628814,0.348461712529338
"461",461,"Endobev","April 18, 2019",4,"Format: Prime VideoVerified Purchase",2,NA,0.530330085889911
"462",462,"Patrice Eileen","April 17, 2019",5,"Format: Prime VideoVerified Purchase",42,0.289405040834845,0.353685945765438
"463",463,"Deidre","March 27, 2019",5,"Format: Blu-rayVerified Purchase",4,NA,0.75
"464",464,"Kindle Customer","April 11, 2019",5,"Format: Prime VideoVerified Purchase",2,NA,0.954594154601839
"465",465,"David Bales","April 7, 2019",4,"Format: Prime VideoVerified Purchase",3,NA,0.974278579257494
"466",466,"Mo","April 5, 2019",5,"Format: Prime VideoVerified Purchase",41,0.163674927276699,0.414102270983302
"467",467,"Sly Vue","April 15, 2019",5,"Format: DVDVerified Purchase",2,NA,0
"468",468,"Billie Welch","April 8, 2019",5,"Format: Prime VideoVerified Purchase",4,0.05,0.388908729652601
"469",469,"Amazon Customer","April 19, 2019",2,"Format: Prime VideoVerified Purchase",39,0.214585293016025,0.0811092171356098
"470",470,"jeana","April 19, 2019",5,"Format: Blu-rayVerified Purchase",3,NA,0.433012701892219
"471",471,"a.w.","March 31, 2019",5,"Format: Prime VideoVerified Purchase",5,NA,0.279508497187474
"472",472,"Amazon Customer","April 10, 2019",5,"Format: Prime VideoVerified Purchase",1,NA,0.6
"473",473,"Maria Amaya","March 29, 2019",5,"Format: DVDVerified Purchase",1,NA,0.5
"474",474,"Latoshia Breed","April 9, 2019",5,"Format: Blu-rayVerified Purchase",14,0.267526687709083,0.302528577872949
"475",475,"Amazon Customer","April 8, 2019",5,"Format: Prime VideoVerified Purchase",12,0.0862730150341736,0.22767090063074
"476",476,"Christopher","April 22, 2019",1,"Format: Blu-rayVerified Purchase",33,0.2756860862252,-0.282641597848006
"477",477,"Robin","April 15, 2019",1,"Format: Prime VideoVerified Purchase",4,NA,-0.375
"478",478,"Mark McOmber","March 27, 2019",4,"Format: Blu-rayVerified Purchase",1,NA,0
"479",479,"Areef H.","April 20, 2019",5,"Format: Prime VideoVerified Purchase",1,NA,0.5
"480",480,"Wesley Schneider","March 26, 2019",5,"Format: Blu-rayVerified Purchase",8,0.17928638745114,0.168947630774075
"481",481,"pam sherman","March 30, 2019",5,"Format: Blu-rayVerified Purchase",31,NA,0.619638291992374
"482",482,"Joshua Drown","April 19, 2019",5,"Format: Prime VideoVerified Purchase",4,NA,0
"483",483,"Pappatoad","April 18, 2019",5,"Format: Blu-rayVerified Purchase",19,0.32476297097427,0.251727161846974
"484",484,"Amazon Customer","April 19, 2019",5,"Format: Prime VideoVerified Purchase",2,NA,0.530330085889911
"485",485,"Marcela Salcedo","April 23, 2019",5,"Format: Blu-rayVerified Purchase",1,NA,0
"486",486,"Amazon Customer","April 12, 2019",5,"Format: Prime VideoVerified Purchase",7,NA,-0.0944911182523068
"487",487,"Amazon Customer","April 10, 2019",5,"Format: Prime VideoVerified Purchase",38,0.120268811466612,0.335042892153288
"488",488,"Arasely ","April 18, 2019",5,"Format: Prime VideoVerified Purchase",2,NA,0.353553390593274
"489",489,"Richard Prehara","April 19, 2019",5,"Format: DVDVerified Purchase",14,NA,0.133630620956212
"490",490,"Anne Lorange","April 14, 2019",1,"Format: Prime VideoVerified Purchase",31,0.126524177477991,-0.118104201944103
"491",491,"Kenneth Schwartz","March 30, 2019",5,"Format: DVDVerified Purchase",6,NA,0.612372435695795
"492",492,"Marie Faulknor","April 14, 2019",5,"Format: Prime VideoVerified Purchase",15,0.0472963905681331,0.396558571915278
"493",493,"Kristine F","April 1, 2019",5,"Format: Blu-rayVerified Purchase",8,0.0100415481689406,0.440113148696089
"494",494,"Kyle","April 8, 2019",5,"Format: Prime VideoVerified Purchase",11,NA,0.150755672288882
"495",495,"Monica Hong","April 16, 2019",5,"Format: Blu-rayVerified Purchase",2,NA,0.424264068711928
"496",496,"Darrell Biggs","April 10, 2019",5,"Format: Prime VideoVerified Purchase",4,NA,0.25
"497",497,"Amanda","March 28, 2019",5,"Format: Blu-rayVerified Purchase",15,NA,0.129099444873581
"498",498,"Justin B.","March 31, 2019",5,"Format: DVDVerified Purchase",7,NA,0.28347335475692
"499",499,"Karen Lemke","April 2, 2019",5,"Format: DVDVerified Purchase",2,NA,0.530330085889911
"500",500,"Mom of 4 girls","April 11, 2019",1,"Format: Prime VideoVerified Purchase",31,0.287465920196549,-0.297717736243265
"501",501,"Mandy St Pierre","April 19, 2019",5,"Format: Prime VideoVerified Purchase",2,NA,0.530330085889911
"502",502,"Amazon Customer","April 8, 2019",3,"Format: Blu-rayVerified Purchase",19,0.145344418537486,0.112164759870971
"503",503,"Kiel","April 9, 2019",3,"Format: Prime VideoVerified Purchase",11,0.4375,0.337626191203852
"504",504,"Jose A. Parrilla Greene","April 11, 2019",1,"Format: Prime VideoVerified Purchase",9,NA,0.333333333333333
"505",505,"Tom Blanz","April 11, 2019",5,"Format: DVDVerified Purchase",3,NA,0.288675134594813
"506",506,"Larry Morales","April 8, 2019",5,"Format: Blu-rayVerified Purchase",3,NA,0.288675134594813
"507",507,"B","April 2, 2019",5,"Format: DVDVerified Purchase",1,NA,0.5
"508",508,"Marty S.","April 18, 2019",5,"Format: Prime VideoVerified Purchase",5,NA,0.223606797749979
"509",509,"Annette mirabal","April 22, 2019",5,"Format: Prime VideoVerified Purchase",5,NA,0.223606797749979
"510",510,"kathrine","April 17, 2019",1,"Format: Prime VideoVerified Purchase",3,NA,-0.433012701892219
"511",511,"Amazon Customer","April 2, 2019",5,"Format: Blu-rayVerified Purchase",2,NA,0.353553390593274
"512",512,"Kenny W.","March 27, 2019",5,"Format: Blu-rayVerified Purchase",5,0.278197264742181,0.727045258296656
"513",513,"Holly","April 13, 2019",2,"Format: Prime VideoVerified Purchase",17,NA,-0.0242535625036333
"514",514,"×Stephanie S.","April 7, 2019",5,"Format: Prime VideoVerified Purchase",2,NA,-0.530330085889911
"515",515,"Sandra Keller","April 22, 2019",5,"Format: Blu-rayVerified Purchase",3,NA,0.433012701892219
"516",516,"John A. Sciandra","April 23, 2019",5,"Format: Blu-rayVerified Purchase",6,NA,0.755259337358147
"517",517,"Bobbie D","April 6, 2019",5,"Format: DVDVerified Purchase",3,NA,0.288675134594813
"518",518,"samantha rusher","April 12, 2019",5,"Format: Prime VideoVerified Purchase",3,NA,0.433012701892219
"519",519,"Mike Barnes","April 8, 2019",5,"Format: DVDVerified Purchase",5,NA,0
"520",520,"James C.","April 14, 2019",5,"Format: Prime VideoVerified Purchase",4,0,0.530330085889911
"521",521,"gail","April 12, 2019",2,"Format: Prime VideoVerified Purchase",17,0.0460593486680443,-0.173990234017519
"522",522,"beatrizusa2005","April 16, 2019",5,"Format: Prime VideoVerified Purchase",9,NA,0
"523",523,"eric eaton","April 9, 2019",2,"Format: Prime VideoVerified Purchase",17,NA,0.0485071250072666
"524",524,"V P","April 13, 2019",1,"Format: Prime VideoVerified Purchase",22,0.426134991276543,-0.395814060284821
"525",525,"linda p davis","April 3, 2019",1,"Format: DVDVerified Purchase",2,NA,0.353553390593274
"526",526,"Robert Cunningham","April 12, 2019",4,"Format: Prime VideoVerified Purchase",20,0.645773307502688,0.461452722295296
"527",527,"Amazon Customer","April 4, 2019",4,"Format: Prime VideoVerified Purchase",18,NA,-0.235702260395516
"528",528,"Mistah J","April 21, 2019",5,"Format: Prime VideoVerified Purchase",3,NA,0.577350269189626
"529",529,"Crystal Burrows","April 11, 2019",5,"Format: Prime VideoVerified Purchase",5,NA,0.491934955049954
"530",530,"Julia Aaron","April 13, 2019",5,"Format: Prime VideoVerified Purchase",24,0.19179445513303,0.0231215011649121
"531",531,"Paula Richard","April 12, 2019",5,"Format: Prime VideoVerified Purchase",1,NA,0.75
"532",532,"Sharon schleif","April 18, 2019",5,"Format: DVDVerified Purchase",3,NA,0.288675134594813
"533",533,"Amazon Customer","April 19, 2019",5,"Format: Prime VideoVerified Purchase",2,NA,0.424264068711928
"534",534,"Alex holman","April 17, 2019",5,"Format: Prime VideoVerified Purchase",1,NA,0.75
"535",535,"F. C. Schaefer","December 29, 2018",5,"Format: Blu-ray",1034,0.310660424329119,0.172126574218787
"536",536,"Amazon Customer","April 10, 2019",4,"Format: Prime VideoVerified Purchase",16,0.232038771352998,0.282170753412327
"537",537,"Hiram Diaz","April 15, 2019",5,"Format: Blu-rayVerified Purchase",10,NA,0.569209978830308
"538",538,"Mary M.","April 13, 2019",1,"Format: Prime VideoVerified Purchase",18,NA,0
"539",539,"Keith","April 14, 2019",5,"Format: Prime VideoVerified Purchase",5,0.0688137821521027,0.481671393891065
"540",540,"Ronnie Easter","April 2, 2019",5,"Format: Prime VideoVerified Purchase",16,0.571534804475377,0.400003514378972
"541",541,"KEK","March 29, 2019",1,"Format: Blu-rayVerified Purchase",20,0.710706807809428,-0.480548741557281
"542",542,"Barbara Doiron","April 8, 2019",5,"Format: Prime VideoVerified Purchase",6,NA,0.204124145231932
"543",543,"Sean Pollock (spolloc1@hotmail.com)","April 18, 2019",1,"Format: Prime VideoVerified Purchase",11,0.0215730371702124,-0.109745559126153
"544",544,"Steven R. Drays","April 8, 2019",3,"Format: Blu-rayVerified Purchase",7,NA,0
"545",545,"macgeek84","April 15, 2019",5,"Format: Prime VideoVerified Purchase",2,NA,0.424264068711928
"546",546,"Anon","March 29, 2019",5,"Format: DVDVerified Purchase",6,NA,0
"547",547,"bluedog3243","April 6, 2019",5,"Format: Blu-rayVerified Purchase",8,NA,0.388908729652601
"548",548,"Julie Price","April 18, 2019",5,"Format: DVDVerified Purchase",10,0.290309152306054,0.493954704830942
"549",549,"cathybeak","April 7, 2019",1,"Format: DVDVerified Purchase",17,0.618673220792786,-0.269638751425446
"550",550,"Tod Raymond","April 3, 2019",5,"Format: Prime VideoVerified Purchase",8,NA,0
"551",551,"BC","April 6, 2019",5,"Format: Prime VideoVerified Purchase",12,NA,0
"552",552,"jamie83","March 30, 2019",5,"Format: Blu-rayVerified Purchase",3,NA,0.433012701892219
"553",553,"Andrew","April 10, 2019",5,"Format: Prime VideoVerified Purchase",2,NA,0.353553390593274
"554",554,"dawn","April 15, 2019",3,"Format: Blu-rayVerified Purchase",20,NA,0.111803398874989
"555",555,"Trickshot","April 17, 2019",5,"Format: Prime VideoVerified Purchase",2,NA,0.353553390593274
"556",556,"scubasteve","April 25, 2019",5,"Format: Prime VideoVerified Purchase",8,NA,0.47729707730092
"557",557,"Amazon Customer","April 5, 2019",5,"Format: Blu-rayVerified Purchase",6,0,0
"558",558,"Tim Schlenz","April 3, 2019",5,"Format: Blu-rayVerified Purchase",8,NA,0.795495128834866
"559",559,"Austin Blake Dennis","April 21, 2019",5,"Format: Prime VideoVerified Purchase",17,0.0366079958800405,0.40277494285463
"560",560,"Loren Ray","April 14, 2019",1,"Format: Prime VideoVerified Purchase",12,NA,-0.00346410161513774
"561",561,"Mr Robert A Snavely","April 1, 2019",5,"Format: DVDVerified Purchase",2,NA,0.954594154601839
"562",562,"jami","April 15, 2019",5,"Format: Prime VideoVerified Purchase",16,NA,0.375
"563",563,"Amazon Customer","April 7, 2019",4,"Format: Prime VideoVerified Purchase",2,NA,0.353553390593274
"564",564,"Apryl","April 10, 2019",5,"Format: Prime VideoVerified Purchase",3,NA,0.288675134594813
"565",565,"Amazon Customer","April 18, 2019",4,"Format: Prime VideoVerified Purchase",3,NA,0.750555349946514
"566",566,"Noah","January 13, 2019",5,"Format: Blu-ray",184,0.277320018328738,0.332349638334516
"567",567,"Tracy B","April 13, 2019",5,"Format: Blu-rayVerified Purchase",6,NA,0.367423461417477
"568",568,"Aaron Mayfield","April 14, 2019",1,"Format: Prime VideoVerified Purchase",14,0.0471687836487032,0.0687087058376466
"569",569,"Amanda Barone","April 8, 2019",5,"Format: Prime VideoVerified Purchase",11,0.657846930739001,-0.215168025708305
"570",570,"dave","March 26, 2019",5,"Format: Blu-rayVerified Purchase",5,0.45,0.347272653809676
"571",571,"Andrea Jackson","April 22, 2019",5,"Format: Prime VideoVerified Purchase",3,NA,0.288675134594813
"572",572,"James F.","April 4, 2019",2,"Format: Prime VideoVerified Purchase",7,NA,0.0944911182523068
"573",573,"Charles","April 7, 2019",5,"Format: Prime VideoVerified Purchase",1,NA,0
"574",574,"Jeromy Martin","April 8, 2019",4,"Format: Prime VideoVerified Purchase",15,0.0538838648618159,0.315451744352944
"575",575,"Amim Y.","April 18, 2019",4,"Format: Prime VideoVerified Purchase",16,NA,0.375
"576",576,"Amazon Customer","March 28, 2019",5,"Format: DVDVerified Purchase",5,NA,0.447213595499958
"577",577,"rjat","April 20, 2019",1,"Format: Blu-rayVerified Purchase",7,0.362170824512628,-0.0793167506641658
"578",578,"Helen","April 21, 2019",5,"Format: Prime VideoVerified Purchase",13,NA,0.201078821131646
"579",579,"William In Texas","April 19, 2019",4,"Format: Prime VideoVerified Purchase",2,NA,0.530330085889911
"580",580,"Yirubis Ridriguez","April 21, 2019",5,"Format: Prime VideoVerified Purchase",6,NA,0.204124145231932
"581",581,"SHANTREL","March 31, 2019",5,"Format: Prime VideoVerified Purchase",1,NA,0.6
"582",582,"Robert","April 7, 2019",1,"Format: Prime VideoVerified Purchase",12,NA,-0.0721687836487032
"583",583,"Adam Muhleman","April 21, 2019",1,"Format: Prime VideoVerified Purchase",12,0.55676288373802,-0.0535227848958267
"584",584,"Jack Kendrick","April 20, 2019",5,"Format: Prime VideoVerified Purchase",10,0.316236084400503,0.409517796864425
"585",585,"Keeley Martin","April 19, 2019",5,"Format: Prime VideoVerified Purchase",14,NA,0.681516166876682
"586",586,"smartypants","April 12, 2019",2,"Format: Prime VideoVerified Purchase",2,NA,-0.530330085889911
"587",587,"Isaac Patrick","April 3, 2019",5,"Format: Prime VideoVerified Purchase",2,NA,0.424264068711928
"588",588,"BRITTANY","April 8, 2019",5,"Format: Blu-rayVerified Purchase",5,NA,0.804984471899924
"589",589,"Anonymous","April 6, 2019",5,"Format: Prime VideoVerified Purchase",4,NA,0
"590",590,"Amazon Customer","April 13, 2019",5,"Format: Prime VideoVerified Purchase",4,NA,0.84375
"591",591,"Becky A.","April 11, 2019",5,"Format: DVDVerified Purchase",1,NA,0.5
"592",592,"Michelle Mondolo","April 20, 2019",1,"Format: Prime VideoVerified Purchase",8,0.0690598923241496,-0.375431350541509
"593",593,"Jamie ","April 10, 2019",5,"Format: Blu-rayVerified Purchase",4,0.125,0.618718433538229
"594",594,"Sharon M Pratt","April 16, 2019",5,"Format: Prime VideoVerified Purchase",9,NA,0
"595",595,"Deg","April 12, 2019",2,"Format: Prime VideoVerified Purchase",2,NA,-0.707106781186547
"596",596,"Tammy","April 16, 2019",1,"Format: Prime VideoVerified Purchase",6,NA,0
"597",597,"Distortion","March 29, 2019",5,"Format: Blu-rayVerified Purchase",2,NA,0.530330085889911
"598",598,"Debbie","April 16, 2019",5,"Format: Blu-rayVerified Purchase",4,NA,-0.375
"599",599,"Jo Ann Keys Theus","April 20, 2019",5,"Format: Blu-rayVerified Purchase",2,NA,0.353553390593274
"600",600,"Tabitha Riendeau","April 22, 2019",1,"Format: Prime VideoVerified Purchase",4,NA,0.375
"601",601,"Jimmy & Melba Jones","April 16, 2019",5,"Format: Prime VideoVerified Purchase",6,NA,0.32659863237109
"602",602,"Amazon Customer","April 23, 2019",5,"Format: Prime VideoVerified Purchase",1,NA,0.5
"603",603,"melisa mahadeo","April 14, 2019",5,"Format: Prime VideoVerified Purchase",4,NA,0
"604",604,"Jessica Cook","April 20, 2019",1,"Format: Prime VideoVerified Purchase",2,NA,0.0707106781186547
"605",605,"Ganesh","April 10, 2019",5,"Format: Prime VideoVerified Purchase",6,NA,0.102062072615966
"606",606,"Amazon Customer","April 3, 2019",5,"Format: Prime VideoVerified Purchase",5,NA,0.447213595499958
"607",607,"Amazon Customer","April 23, 2019",5,"Format: Prime VideoVerified Purchase",5,0.147937927384034,0.24894547894534
"608",608,"Armando salinas","April 5, 2019",5,"Format: Prime VideoVerified Purchase",2,NA,0.353553390593274
"609",609,"Heather Johnston","April 15, 2019",5,"Format: Prime VideoVerified Purchase",5,NA,0.581377674149945
"610",610,"Sal","April 8, 2019",5,"Format: DVDVerified Purchase",2,NA,0.530330085889911
"611",611,"Korey McCord","April 23, 2019",4,"Format: Prime VideoVerified Purchase",1,NA,0
"612",612,"Bobbiette T.","April 10, 2019",4,"Format: DVDVerified Purchase",1,NA,0
"613",613,"Amazon Customer","April 5, 2019",5,"Format: Prime VideoVerified Purchase",7,NA,-0.340168025708305
"614",614,"Amazon Customer","April 20, 2019",1,"Format: Prime VideoVerified Purchase",6,NA,0
"615",615,"Krystle Campos","April 15, 2019",3,"Format: Prime VideoVerified Purchase",3,NA,-0.433012701892219
"616",616,"Rene Christiansen","April 1, 2019",5,"Format: Blu-rayVerified Purchase",3,NA,0
"617",617,"Adam Gash","April 13, 2019",5,"Format: Prime VideoVerified Purchase",1,NA,0
"618",618,"Mica D.","April 7, 2019",4,"Format: Prime VideoVerified Purchase",5,NA,0.223606797749979
"619",619,"Roger smith","April 19, 2019",5,"Format: Prime VideoVerified Purchase",1,NA,1
"620",620,"AC","April 13, 2019",4,"Format: Prime VideoVerified Purchase",4,NA,0.375
"621",621,"Sue devoe","April 2, 2019",5,"Format: DVDVerified Purchase",1,NA,0
"622",622,"T. Griffin","April 7, 2019",5,"Format: Prime VideoVerified Purchase",3,NA,0.433012701892219
"623",623,"Letty","April 1, 2019",5,"Format: Prime VideoVerified Purchase",3,NA,0.288675134594813
"624",624,"Steve Wilson","March 30, 2019",5,"Format: DVDVerified Purchase",2,NA,0.530330085889911
"625",625,"Jeannette","April 12, 2019",4,"Format: Prime VideoVerified Purchase",1,NA,0.75
"626",626,"Kindle Customer","April 7, 2019",5,"Format: Prime VideoVerified Purchase",1,NA,0.5
"627",627,"Joe Reilly","January 4, 2019",1,"Format: Blu-ray",126,0.308510588433725,-0.120397093596309
"628",628,"The History Detective","February 24, 2019",1,"Format: Blu-ray",147,0.255468810551588,0.178845464639233
"629",629,"Nobody","January 1, 2019",1,"Format: Blu-ray",9,NA,-0.5
"630",630,"Ishmael","February 2, 2019",5,"Format: Blu-ray",142,0.344252118098206,0.38017749242293
"631",631,"Michael J Heinrich Jr","December 31, 2018",5,"Format: Blu-ray",142,0.315173097913107,0.313744796471065
"632",632,"Michael J. Tresca","January 10, 2019",2,"Format: Blu-ray",427,0.387238386811321,-0.139530388679788
"633",633,"N / A","March 1, 2019",1,"Format: Blu-ray",138,0.29457307969743,0.00932130970193553
"634",634,"M. Oleson","December 25, 2018",4,"Format: Blu-ray",517,0.320846226913121,0.0387233259766413
"635",635,"jww","December 29, 2018",4,"Format: Blu-ray",321,0.230246624175658,0.195991536673094
"636",636,"steve","January 19, 2019",1,"Format: DVD",17,0.071443450831176,-0.0551341261499191
"637",637,"J. Bradford","December 25, 2018",5,"Format: Blu-ray",89,0.215403197525831,0.154782698760065
"638",638,"Trying to Read It All!","December 25, 2018",5,"Format: Blu-ray",66,0.240422949957746,0.49185880582144
"639",639,"ServantofGod","December 30, 2018",5,"Format: Blu-ray",88,0.600648092559151,0.320143829534025
"640",640,"THowerton","January 19, 2019",5,"Format: Blu-ray",881,0.299673194221823,0.21613766015791
"641",641,"Nick V. Ibanez","March 20, 2019",1,"Format: Blu-ray",112,0.398374304477244,0.22558222251309
"642",642,"K. Spada","January 7, 2019",5,"Format: Blu-ray",108,0.35006988236509,0.284699654189448
"643",643,"T. Travis","January 8, 2019",5,"Format: Blu-ray",66,0.297683706218251,0.552885446947201
"644",644,"William Hefner","January 27, 2019",4,"Format: Blu-ray",377,0.348074980086567,0.257554894998883
"645",645,"J. Daniel Spratlin","January 1, 2019",2,"Format: Blu-ray",108,0.171112948990988,-0.0714399758599856
"646",646,"Inquisitive Guereza","March 30, 2019",1,"Format: Blu-ray",198,0.478177348744312,-0.144973524187485
"647",647,"Joey","December 30, 2018",5,"Format: Blu-ray",91,0.547032028281965,0.466613824221973
"648",648,"Amandah S.","January 5, 2019",1,"Format: Blu-ray",16,0.574116857330765,-0.131342755237724
"649",649,"Mitchell Recker","March 13, 2019",1,"Format: Blu-ray",100,0.247166707812826,-0.001251377531069
"650",650,"Greenjm32","April 3, 2019",1,"Format: Prime Video",262,0.215219348592091,-0.0550231296447477
"651",651,"Carl Schultz","February 7, 2019",3,"Format: Blu-ray",865,0.247558622229886,0.0740671042257369
"652",652,"Todd Smith","January 23, 2019",4,"Format: Blu-ray",333,0.322179439492522,0.0628139061749566
"653",653,"Nomad3304","February 7, 2019",5,"Format: Blu-ray",143,0.221870064860043,0.360653001718109
"654",654,"Marvin Powell","January 1, 2019",4,"Format: Blu-ray",483,0.201756810250373,0.177436844958905
"655",655,"PoppaLock","January 15, 2019",5,"Format: Blu-ray",152,0.246950477496732,0.201202127845799
"656",656,"Emmanuel","December 28, 2018",5,"Format: Blu-ray",83,0.08781523435677,-0.0641117406935436
"657",657,"Melissa 'Dog/Wolf Lover'","January 25, 2019",5,"Format: Blu-ray",80,0.199881077416603,0.0889674211742638
"658",658,"North Gate ","March 26, 2019",5,"Format: Blu-ray",300,0.311586826964332,0.223696889862561
"659",659,"Edwin P.","January 1, 2019",4,"Format: Blu-ray",316,0.258874107837764,0.114635605572465
"660",660,"Wuchak","December 30, 2018",4,"Format: Blu-ray",263,0.326097812389943,0.197566560435028
"661",661,"Melanie","April 9, 2019",4,"Format: Prime Video",213,0.243325608399655,0.09594696858965
"662",662,"Blake Schritter","March 13, 2019",1,"Format: Blu-ray",57,0.100429045272044,-0.00390942338841814
"663",663,"King Reviewer","December 31, 2018",4,"Format: Blu-ray",73,0.229037940344264,0.217746448329827
"664",664,"Liam","January 31, 2019",3,"Format: Blu-ray",263,0.272635583570766,0.125859527481687
"665",665,"julianscollections","January 16, 2019",5,"Format: DVD",82,0.164309559739418,0.112152901128653
"666",666,"Seascape","March 6, 2019",4,"Format: Blu-ray",162,0.278241710624139,0.329215493009417
"667",667,"Jaime","January 16, 2019",5,"Format: Blu-ray",38,0.159461863155588,0.442952700623747
"668",668,"Mark Turner","April 4, 2019",5,"Format: Blu-ray",872,0.269425916338235,0.0446667447883051
"669",669,"AlliDone","April 1, 2019",1,"Format: DVD",484,0.374849201204549,-0.0507550212786961
"670",670,"FourLightYears","April 5, 2019",3,"Format: Blu-ray",475,0.267519053162168,-0.0175481068253756
"671",671,"Alan Holyoak","March 26, 2019",2,"Format: DVD",323,0.38621176046125,-0.0336560456287105
"672",672,"Amazon Customer","March 31, 2019",3,"Format: Prime Video",314,0.268713438763951,-0.142310646805165
"673",673,"Fryzilla","March 31, 2019",4,"Format: Prime Video",303,0.382941169402619,0.242728257033738
"674",674,"MVW","March 27, 2019",1,"Format: Blu-ray",41,0.1644186885111,0.156510793194993
"675",675,"Woodsy Niles","March 27, 2019",4,"Format: Blu-ray",267,0.281948367084502,0.168958214984543
"676",676,"david schmidy","January 17, 2019",2,"Format: Blu-ray",23,0.381093028232773,-0.117909651865335
"677",677,"MarcFusion Dot Com","March 27, 2019",4,"Format: Blu-ray",269,0.155056306176819,0.297765379212627
"678",678,"EL SID","January 9, 2019",3,"Format: Blu-ray",430,0.294380717260993,0.145132875681719
"679",679,"Daniel Pagan","January 22, 2019",5,"Format: Blu-ray",67,0.336804112873813,0.387064552443332
"680",680,"Allison","January 6, 2019",4,"Format: Blu-ray",130,0.309518034393039,0.219480157650594
"681",681,"G.V.","March 30, 2019",3,"Format: Blu-ray",219,0.367527757532194,0.109055215057652
"682",682,"sinayel<U+0001F483>","April 19, 2019",2,"Format: Prime Video",241,0.287930165771329,-0.0755715690429649
"683",683,"Jace","March 28, 2019",4,"Format: Blu-ray",113,0.440504167169661,0.184286987352657
"684",684,"Violet Crumbles","April 7, 2019",1,"Format: Blu-ray",235,0.330529601466017,-0.149837499949613
"685",685,"Amanda Pike","March 6, 2019",5,"Format: Blu-ray",124,0.268748850377819,0.0969648401602665
"686",686,"Macross Plus Voices","April 15, 2019",4,"Format: Blu-ray",954,0.315869696938668,-0.00288618163195701
"687",687,"Phuong Le","December 24, 2018",5,"Format: Blu-ray",27,0.0402560566095448,0.100634114261142
"688",688,"Eric Neiman","April 2, 2019",1,"Format: Prime Video",104,0.202898389157438,-0.071798522881992
"689",689,"D","March 21, 2019",5,"Format: Blu-ray",178,0.535383884059227,0.405322264493887
"690",690,"Kevin Lorch","March 27, 2019",1,"Format: Blu-ray",45,0.583982885202316,-0.219472215004944
"691",691,"mjshroomer aka Mushroom John","January 31, 2019",5,"Format: Blu-ray",91,0.352769336894764,0.0450737193769833
"692",692,"Amazon Customer","April 6, 2019",5,"Format: Prime Video",196,0.314636770533091,0.32214643363255
"693",693,"Ben","April 2, 2019",1,"Format: Prime Video",543,0.371873121698057,-0.186826097365021
"694",694,"Varge Blentin","March 27, 2019",3,"Format: Blu-ray",108,0.104485068162294,0.263314464258002
"695",695,"The Movie Guy","December 28, 2018",4,"Format: Blu-ray",190,0.193577393687394,-0.145087806255357
"696",696,"Richard F Meacham","March 14, 2019",1,"Format: Blu-ray",12,0.15,-0.115757551269892
"697",697,"PonyGirl","March 26, 2019",1,"Format: Blu-ray",62,0.236252902125206,0.00600920620121129
"698",698,"Lawrence","December 23, 2018",5,"Format: Blu-ray",53,0.234595091824243,0.222854960365386
"699",699,"Ryan","March 30, 2019",3,"Format: Blu-ray",185,0.361114812756197,-0.232866319070469
"700",700,"Alexander O. Teitz","January 11, 2019",3,"Format: DVD",163,0.35417873530457,0.0245838154035511
"701",701,"jbinchrist","April 6, 2019",5,"Format: DVD",111,0.278959439941124,-0.00480510953378838
"702",702,"Maccafan","March 26, 2019",5,"Format: Blu-ray",139,0.327248521888708,0.432939266722519
"703",703,"Amazon Customer","March 28, 2019",4,"Format: Blu-ray",155,0.233241965876251,0.0366968220593395
"704",704,"Andrew","March 14, 2019",4,"Format: Blu-ray",154,0.381351114250788,0.402864158952934
"705",705,"JWINK","April 7, 2019",3,"Format: Prime Video",147,0.239546491535137,0.108980074631773
"706",706,"Keila Ramirez","January 24, 2019",5,"Format: DVD",29,0.18914410541262,0.254211710419683
"707",707,"Cards Fan 68","April 22, 2019",1,"Format: DVD",150,0.368322585611754,-0.0794753431154905
"708",708,"B. Castro","March 27, 2019",2,"Format: Blu-ray",135,0.356060106467695,0.0517488307376259
"709",709,"Pete Craig","April 9, 2019",1,"Format: Prime Video",99,0.400051365746913,-0.19162970771056
"710",710,"Cebuano","March 9, 2019",5,"Format: Blu-ray",14,NA,0.718130957018684
"711",711,"Karen A. Wells","April 2, 2019",5,"Format: Prime Video",133,0.396362503769472,0.246309423630854
"712",712,"Ray","January 9, 2019",3,"Format: Blu-ray",103,0.167278444005867,0.306996944499562
"713",713,"A. Cornell","February 5, 2019",5,"Format: Blu-ray",53,0.147455458104106,0.212079614879647
"714",714,"Michael J. Arnold","March 18, 2019",1,"Format: Blu-ray",15,0.35721725415588,-0.469097093716571
"715",715,"Grammy","March 30, 2019",4,"Format: Blu-ray",126,0.216223938194551,0.35830746709429
"716",716,"intrimazz","April 22, 2019",3,"Format: Prime Video",67,0.658742727285021,0.349502923556309
"717",717,"Big J.","April 3, 2019",1,"Format: DVD",75,0.456556700061248,-0.00727458341894198
"718",718,"Mark Kirshtner","January 16, 2019",5,"Format: Blu-ray",35,0.567774973957669,0.438161604384443
"719",719,"A. Gant","March 2, 2019",5,"Format: Blu-ray",40,0.348989690052539,0.194799148194756
"720",720,"Captain Pickles","April 4, 2019",1,"Format: Prime Video",64,0.4753468882356,-0.415530574572239
"721",721,"DMGump","March 25, 2019",1,"Format: Blu-ray",17,0,0
"722",722,"Amazon Customer","December 26, 2018",5,"Format: Blu-ray",38,0.46451495920634,0.27588201447238
"723",723,"Jennifer B","April 17, 2019",1,"Format: Prime Video",101,0.197583586126442,0.000546961317368095
"724",724,"S. Rowley","April 3, 2019",2,"Format: Blu-ray",109,0.24551730270471,0.0342466693166923
"725",725,"Adam Wood","April 7, 2019",5,"Format: Blu-ray",96,0.225344034259638,0.327607571211558
"726",726,"C Mayfair","March 27, 2019",3,"Format: Blu-ray",97,0.136879220728246,0.168037451001973
"727",727,"Nouseforausername","April 20, 2019",2,"Format: Prime Video",108,0.301147804306175,-0.0129731106373815
"728",728,"AbsolutelyGenuineReviewerTrustMe","April 20, 2019",3,"Format: Prime Video",73,0.305058831553696,0.295184651078391
"729",729,"China A. Rivera","April 4, 2019",5,"Format: Prime Video",56,0.296877314709975,0.404095107045915
"730",730,"JWC II","January 31, 2019",5,"Format: DVD",23,0.180770403843882,0.382486384683989
"731",731,"CMK","January 30, 2019",5,"Format: Blu-ray",90,0.300278438500546,0.30504052110475
"732",732,"Blackbird","April 3, 2019",2,"Format: Blu-ray",88,0.407488197699575,-0.253881778419608
"733",733,"Ahn","April 9, 2019",2,"Format: Prime Video",68,0.203849187146776,0.056704701193889
"734",734,"Sev","April 7, 2019",3,"Format: Prime Video",160,0.348300374194923,-0.181637983646511
"735",735,"ThatsMrGrinch2U","April 8, 2019",1,"Format: Blu-ray",80,0.455435043867453,-0.213484077133077
"736",736,"Dead Boy","January 22, 2019",5,"Format: Blu-ray",2,NA,0.954594154601839
"737",737,"SamHain","January 22, 2019",5,"Format: Blu-ray",2,NA,0.353553390593274
"738",738,"patriot","January 22, 2019",5,"Format: Blu-ray",11,0.0785014133997521,0.244491118252307
"739",739,"Sabrina","January 6, 2019",5,"Format: Blu-ray",13,0.0302424820237302,0.800807527524887
"740",740,"Amazon Customer","January 18, 2019",5,"Format: Blu-ray",22,NA,0.426401432711221
"741",741,"Paul Morel","January 21, 2019",2,"Format: Blu-ray",23,0.459960313710314,-0.0283123336920192
"742",742,"jasmine l batchelder","March 30, 2019",4,"Format: Blu-ray",70,0.380872841878511,0.110445599350662
"743",743,"P. Thompson","April 18, 2019",5,"Format: Prime Video",69,0.184345918963079,0.185678984952756
"744",744,"Amazon Customer","March 2, 2019",1,"Format: Blu-ray",21,0.538992143959446,0.41594940492303
"745",745,"abba","April 2, 2019",1,"Format: Blu-ray",67,0.189675070686944,-0.019994159333582
"746",746,"Ron Baker","April 6, 2019",4,"Format: Prime Video",55,0.363161266664903,0.146417807451839
"747",747,"Kindle fire","April 6, 2019",1,"Format: Prime Video",97,0.172639526591625,0.0589991129382017
"748",748,"MAV","April 23, 2019",1,"Format: Prime Video",33,0.672615172411267,-0.330776181209512
"749",749,"Jaymie","April 1, 2019",5,"Format: Blu-ray",66,0.125034702853499,0.223300691749181
"750",750,"Mary T.","April 7, 2019",2,"Format: Prime Video",65,0.158323722074841,-0.116711026026985
"751",751,"Web Shopper","March 31, 2019",1,"Format: Prime Video",5,NA,0
"752",752,"Leo","December 26, 2018",5,"Format: Blu-ray",4,NA,0.75
"753",753,"EeyorAngel21","March 12, 2019",1,"Format: Blu-ray",7,NA,0.0566946709513841
"754",754,"J. L. Smithson","February 1, 2019",5,"Format: Blu-ray",8,0.345568698174017,0.0646104760597784
"755",755,"JIS2016","March 21, 2019",5,"Format: Blu-ray",28,0.265581660272269,-0.0516946644359694
"756",756,"daryl drumheller","March 30, 2019",4,"Format: DVD",66,0.177408189465551,0.270346649152728
"757",757,"Amazon Customer","January 10, 2019",1,"Format: Blu-ray",11,0.204124145231932,0.157526074714055
"758",758,"Mary R","March 27, 2019",1,"Format: DVD",28,0.356419632392572,-0.443258566805693
"759",759,"ShadowCat","April 3, 2019",4,"Format: DVD",55,NA,-0.387664920916364
"760",760,"Justin","January 9, 2019",5,"Format: Blu-ray",17,0.300792555676554,0.462307544150677
"761",761,"Lopaka","March 13, 2019",5,"Format: Blu-ray",52,0.377615586407114,0.529548842335881
"762",762,"Aquaria","March 28, 2019",3,"Format: Blu-ray",53,0.259037144081085,-0.327122509934014
"763",763,"Susan Lush","March 26, 2019",3,"Format: DVD",49,0.144237025080511,-0.0916581887777674
"764",764,"Marlon Vanscoy","March 8, 2019",5,"Format: DVD",6,NA,0.204124145231932
"765",765,"the pit","January 5, 2019",4,"Format: Blu-ray",19,0.329656888808716,0.699769288208169
"766",766,"Jim","March 5, 2019",2,"Format: Blu-ray",17,0.577673629159431,0.421630279618126
"767",767,"Reba","April 17, 2019",5,"Format: Prime Video",42,0.540792650080804,0.306806911636942
"768",768,"mcburner16","December 23, 2018",5,"Format: Blu-ray",2,NA,0.353553390593274
"769",769,"nina r mattoon","April 13, 2019",1,"Format: Prime Video",39,0.174406895372397,-0.185220393231947
"770",770,"Xanthia","April 22, 2019",5,"Format: Prime Video",53,0.443894095431699,0.328124855512681
"771",771,"tiffany","February 21, 2019",5,"Format: DVD",16,0.286738080115168,0.297245559126153
"772",772,"Kano3D","February 6, 2019",5,"Format: Blu-ray",42,0.302692617228851,0.341415751830646
"773",773,"Officer 777","March 31, 2019",5,"Format: Prime Video",47,0.145673690035594,0.170684566098911
"774",774,"Zezba","April 20, 2019",4,"Format: Blu-ray",40,0.338120855531496,0.276322443949881
"775",775,"Joe","March 29, 2019",5,"Format: Blu-ray",34,0.244740598205356,0.597430580351169
"776",776,"Amazon Customer","January 17, 2019",5,"Format: Blu-ray",12,0.233853586673371,0.441941738241592
"777",777,"King94","February 9, 2019",5,"Format: Blu-ray",10,NA,0.284604989415154
"778",778,"Amazon Customer","April 1, 2019",2,"Format: Blu-ray",35,0.375495678027745,-0.122377923510255
"779",779,"xrayguy","April 4, 2019",1,"Format: Blu-ray",37,0.196814393692119,0.258031035480516
"780",780,"Drew Hoffman","April 5, 2019",5,"Format: Prime Video",27,0.385249272691633,0.352667046060923
"781",781,"Suzanne Buntic","February 10, 2019",5,"Format: DVD",16,0.117446140752319,0.431240548606458
"782",782,"KK","April 7, 2019",2,"Format: Prime Video",41,0.669575712914377,-0.2031161470837
"783",783,"Rivendell Lass","March 30, 2019",2,"Format: Blu-ray",28,0.270054012446825,-0.0590429765122135
"784",784,"JP","April 20, 2019",5,"Format: Prime Video",31,0.261687547270809,0.378703583917747
"785",785,"Amazon Customer","April 10, 2019",2,"Format: Prime Video",81,0.551609316860115,0.132462373443179
"786",786,"Rammy","January 1, 2019",5,"Format: Blu-ray",5,0.25,0.192929252116487
"787",787,"Joyce Kozora","March 8, 2019",5,"Format: Blu-ray",46,0.0260267907641283,0.18157241805196
"788",788,"Seth Wenig","April 10, 2019",1,"Format: Prime Video",16,NA,-0.775
"789",789,"Sean","April 2, 2019",4,"Format: Prime Video",27,0.244192614427286,0.25584481179165
"790",790,"Kindle Customer","March 27, 2019",4,"Format: Blu-ray",25,0.219915908288935,0.194509055035146
"791",791,"M. F. Mueller","April 9, 2019",4,"Format: Blu-ray",77,0.457982529754761,0.271850824898379
"792",792,"Mrs. G","April 6, 2019",5,"Format: Blu-ray",27,0.240192230707631,-0.203122691947551
"793",793,"Hannah Kloppmann","April 6, 2019",1,"Format: Prime Video",68,0.134419667082074,-0.100214669533827
"794",794,"Amazon Customer","February 28, 2019",5,"Format: Blu-ray",52,0.269209959682382,0.179720683638575
"795",795,"Razec","March 30, 2019",4,"Format: Blu-ray",24,NA,0
"796",796,"Amazon Customer","April 7, 2019",5,"Format: DVD",20,NA,0.514295634824952
"797",797,"TexasBunch","March 30, 2019",5,"Format: Blu-ray",15,0.201314373858624,0.527282667272547
"798",798,"Amazon Customer","March 25, 2019",5,"Format: Blu-ray",8,NA,0.282842712474619
"799",799,"Rae Holmstrom","April 1, 2019",5,"Format: DVD",30,0.615591166501749,0.659370817196701
"800",800,"leany_77","February 27, 2019",5,"Format: Blu-ray",17,0.492366479442539,0.598782512338332
"801",801,"MATE MATURA","March 26, 2019",4,"Format: Blu-ray",34,0,0
"802",802,"Jon","April 3, 2019",3,"Format: Prime Video",15,0.14127999855589,-0.0655981528889617
"803",803,"Amazon Customer","March 27, 2019",5,"Format: Blu-ray",22,NA,-0.127920429813366
"804",804,"Annie","March 10, 2019",5,"Format: Blu-ray",40,0.234474261308672,0.298720094960598
"805",805,"Kannapolis NC","April 6, 2019",1,"Format: Prime Video",18,0.087287156094397,0.0738158851604218
"806",806,"Jacob","March 27, 2019",2,"Format: DVD",17,NA,0.0606339062590832
"807",807,"Evan G","April 2, 2019",5,"Format: Blu-ray",25,0.241573487371205,0.374663330530207
"808",808,"Reviewer99","April 15, 2019",2,"Format: Blu-ray",14,NA,-0.47839762302324
"809",809,"Timotheus","March 30, 2019",4,"Format: Prime Video",12,0.26950410405146,0.414174977282371
"810",810,"axpert","April 21, 2019",1,"Format: DVD",21,0,0
"811",811,"Ray White","March 31, 2019",5,"Format: Prime Video",44,0.180450139137117,0.254861797753689
"812",812,"mecah","March 26, 2019",5,"Format: DVD",12,NA,0.577350269189626
"813",813,"Braunn Endler","April 22, 2019",2,"Format: Blu-ray",60,0.438738611535682,-0.0349962454817697
"814",814,"Tiff","April 11, 2019",5,"Format: Prime Video",9,0.0398650356989519,0.553188837074973
"815",815,"Frank ortega","March 2, 2019",5,"Format: Blu-ray",5,NA,0.335410196624968
"816",816,"Matt Daddy","March 30, 2019",5,"Format: Prime Video",15,0.221029786831247,0.268358388142377
"817",817,"Amazonian","April 2, 2019",1,"Format: Prime Video",7,0.449269465366805,-0.692681485540923
"818",818,"Amazon Customer","April 6, 2019",1,"Format: Prime Video",42,0.275174424400802,-0.0252570357748102
"819",819,"Rafael vazquez","January 24, 2019",5,"Format: Blu-ray",9,NA,0.333333333333333
"820",820,"DL White","April 13, 2019",1,"Format: Prime Video",13,0.128318389447358,-0.3175134871347
"821",821,"Amazon Customer","March 4, 2019",5,"Format: Blu-ray",9,NA,0.166666666666667
"822",822,"LadyCorinth","March 19, 2019",5,"Format: DVD",27,0.320018864767171,0.481279380955919
"823",823,"Sean","March 27, 2019",5,"Format: Blu-ray",4,NA,0.775
"824",824,"David Ehlert","April 15, 2019",2,"Format: Prime Video",24,0.168442827875421,0.257782114889256
"825",825,"Runesong","April 1, 2019",5,"Format: DVD",4,NA,-0.375
"826",826,"Rafael Figueirdeo","February 26, 2019",1,"Format: Blu-ray",14,NA,0
"827",827,"Sidhu","April 16, 2019",2,"Format: Prime Video",1,NA,0
"828",828,"R Simmons","April 8, 2019",1,"Format: Blu-ray",1,NA,1
"829",829,"Juan ambriz","March 16, 2019",5,"Format: Blu-ray",5,NA,0.223606797749979
"830",830,"Amazon Customer","April 2, 2019",5,"Format: Prime Video",1,NA,0
"831",831,"Mattattack","April 9, 2019",2,"Format: Prime Video",7,NA,0.28347335475692
"832",832,"spex","April 13, 2019",1,"Format: Prime Video",28,0.386875094658345,-0.679916114413724
"833",833,"HB","March 23, 2019",5,"Format: Blu-ray",22,0.243359403609815,0.323635950304104
"834",834,"rick","April 15, 2019",2,"Format: Prime Video",31,0.386805517376292,-0.00684613767048051
"835",835,"Amazon Customer","April 5, 2019",1,"Format: Prime Video",5,NA,0.111803398874989
"836",836,"Tony L Reese","March 28, 2019",5,"Format: DVD",27,0.170985721356969,0.222458069140846
"837",837,"C. Bentley","March 4, 2019",5,"Format: Blu-ray",18,0.47254908606534,0.000788537626894468
"838",838,"electrocat","March 31, 2019",1,"Format: Blu-ray",9,NA,0.0833333333333333
"839",839,"PlateletsRUs","April 13, 2019",1,"Format: Prime Video",41,0.132582521472478,-0.102316186845613
"840",840,"vrosen","March 31, 2019",5,"Format: Prime Video",2,NA,0.565685424949238
"841",841,"Todd McCorkle","April 19, 2019",5,"Format: Prime Video",25,0.205773719371631,-0.0324393099535073
"842",842,"Jamie K. Ferrugiaro","April 14, 2019",5,"Format: Prime Video",12,NA,0
"843",843,"Bong Stars","March 26, 2019",1,"Format: Blu-ray",37,NA,-0.246475181717557
"844",844,"mike ashford","April 20, 2019",1,"Format: Prime Video",29,0.613443077627274,-0.641137176057202
"845",845,"alicia perez- I having trouble to install.","March 9, 2019",5,"Format: DVD",18,NA,0.235702260395516
"846",846,"Jules77","April 11, 2019",5,"Format: Prime Video",13,0.133589379294469,0.60477231907345
"847",847,"Lindsay Long","March 11, 2019",5,"Format: Blu-ray",9,0.0886540913940064,0.225987225390179
"848",848,"hmmmm","April 8, 2019",1,"Format: Prime Video",6,0.408248290463863,-0.315052149428109
"849",849,"Ferrucci","April 11, 2019",3,"Format: Prime Video",5,0.436237243569579,0.221863772755733
"850",850,"james haller","April 13, 2019",4,"Format: Prime Video",29,NA,0.185695338177052
"851",851,"harveen grewal","April 3, 2019",5,"Format: Prime Video",3,NA,0.433012701892219
"852",852,"W.Brown","April 2, 2019",5,"Format: Prime Video",5,NA,0
"853",853,"JHSCHMIDT","March 22, 2019",5,"Format: Blu-ray",15,0.200041662327293,0.147224318643355
"854",854,"Rudy","April 6, 2019",5,"Format: Prime Video",5,NA,0.223606797749979
"855",855,"Tim Blackburn","April 9, 2019",2,"Format: Prime Video",4,NA,-0.25
"856",856,"Saiga77","April 3, 2019",1,"Format: Prime Video",16,NA,-0.1875
"857",857,"Autumn","April 19, 2019",5,"Format: DVD",5,NA,0.670820393249937
"858",858,"Robert Branden","April 7, 2019",5,"Format: Prime Video",6,NA,0.306186217847897
"859",859,"Alex P.","March 31, 2019",5,"Format: Prime Video",10,0.265165042944955,0.204632373691225
"860",860,"yaroslav roman","March 28, 2019",5,"Format: Blu-ray",5,NA,0.223606797749979
"861",861,"Mason","March 15, 2019",5,"Format: DVD",2,NA,0.353553390593274
"862",862,"Amazon Customer","March 19, 2019",5,"Format: Blu-ray",7,NA,0.28347335475692
"863",863,"Makenzie","March 25, 2019",5,"Format: Blu-ray",3,NA,0.606217782649107
"864",864,"shawn","April 3, 2019",5,"Format: Prime Video",2,NA,0.353553390593274
"865",865,"Amazon Customer","April 14, 2019",4,"Format: Prime Video",2,NA,0.954594154601839
"866",866,"YANTSYH ERNIE CHANG","March 30, 2019",5,"Format: Prime Video",2,NA,0.424264068711928
"867",867,"BD","April 1, 2019",5,"Format: Blu-ray",2,NA,0.353553390593274
"868",868,"Katryna Bart","April 3, 2019",5,"Format: Prime Video",2,NA,0.353553390593274
"869",869,"shortcake","March 26, 2019",3,"Format: Blu-rayVerified Purchase",91,0.207037775179867,0.0149162468305943
"870",870,"Rich","April 5, 2019",4,"Format: Prime VideoVerified Purchase",29,0.259529332387439,-0.101551213859727
"871",871,"CoCo","April 7, 2019",5,"Format: Prime VideoVerified Purchase",4,NA,0.8
"872",872,"victor williams","March 26, 2019",5,"Format: Blu-rayVerified Purchase",4,NA,0.625
"873",873,"Gilbert","April 2, 2019",5,"Format: Prime VideoVerified Purchase",4,NA,0.5
"874",874,"Abraham Ross","April 20, 2019",5,"Format: DVDVerified Purchase",8,NA,0.176776695296637
"875",875,"Nurse1","April 2, 2019",5,"Format: Prime VideoVerified Purchase",3,NA,0.288675134594813
"876",876,"Adorable puppy","April 7, 2019",5,"Format: Blu-rayVerified Purchase",3,NA,0.721687836487032
"877",877,"Jeannie M.","April 19, 2019",5,"Format: Prime VideoVerified Purchase",2,NA,0.353553390593274
"878",878,"Amazon Customer","March 26, 2019",5,"Format: Blu-rayVerified Purchase",2,NA,0.353553390593274
"879",879,"Will1001a","April 7, 2019",5,"Format: DVDVerified Purchase",1,NA,0.6
"880",880,"Bailey","April 22, 2019",3,"Format: Prime VideoVerified Purchase",16,0.246430135311263,0.293101663209302
"881",881,"David ","March 29, 2019",5,"Format: Blu-rayVerified Purchase",9,NA,1.08333333333333
"882",882,"Mitch","March 30, 2019",5,"Format: Blu-rayVerified Purchase",1,NA,0.5
"883",883,"Robert","April 6, 2019",5,"Format: DVDVerified Purchase",9,0.0845224838248488,0.696162524543174
"884",884,"Tricia Deck","March 27, 2019",5,"Format: DVDVerified Purchase",3,NA,0.288675134594813
"885",885,"The BW","January 16, 2019",5,"Format: Blu-ray",235,0.407230778288577,0.269775576379029
"886",886,"Blake","January 1, 2019",3,"Format: Blu-ray",308,0.296487751744387,-0.0499967434759185
"887",887,"Kyle Hurley","December 22, 2018",5,"Format: Blu-ray",28,0.289733433834406,0.354290197035599
"888",888,"<U+0410>mazon Customer","April 9, 2019",5,"Format: Prime Video",2,NA,0.954594154601839
"889",889,"Nay","April 13, 2019",1,"Format: Prime Video",8,0.5,-0.385858504232973
"890",890,"MGG","March 31, 2019",5,"Format: Blu-rayVerified Purchase",12,NA,0.389711431702997
"891",891,"Lacrosse AZ","March 29, 2019",5,"Format: Blu-rayVerified Purchase",2,NA,0.353553390593274
"892",892,"Janis Byron","April 16, 2019",5,"Format: DVDVerified Purchase",2,NA,0.353553390593274
"893",893,"<U+0410>mazon Customer","April 9, 2019",5,"Format: Prime Video",2,NA,0.954594154601839
"894",894,"Donna Le ","March 30, 2019",5,"Format: DVDVerified Purchase",14,NA,0.200445931434318
"895",895,"JoAnn L Palmer","April 22, 2019",5,"Format: Blu-rayVerified Purchase",2,NA,0.424264068711928
"896",896,"logcabingirl","April 21, 2019",5,"Format: DVDVerified Purchase",5,NA,0.581377674149945
"897",897,"DLee","April 8, 2019",3,"Format: Blu-rayVerified Purchase",175,0.441461458410468,-0.112758181773911
"898",898,"Lee Miller","April 20, 2019",5,"Format: Blu-rayVerified Purchase",16,0.171601618245911,0.13242788748065
"899",899,"Thomas Hamm","April 2, 2019",5,"Format: Blu-rayVerified Purchase",3,NA,0.288675134594813
"900",900,"Amazon Customer","April 6, 2019",5,"Format: Blu-rayVerified Purchase",29,0.153233447760215,0.238778121105478
"901",901,"james","April 16, 2019",5,"Format: Blu-rayVerified Purchase",1,NA,0.6
"902",902,"sharlene","April 23, 2019",4,"Format: DVDVerified Purchase",4,NA,0.875
"903",903,"Dennis hodor","April 22, 2019",5,"Format: DVDVerified Purchase",7,NA,0.566946709513841
"904",904,"Robert E","March 29, 2019",5,"Format: Blu-rayVerified Purchase",52,0.271249868596851,0.384323547021933
"905",905,"Benjamin Thomas","April 10, 2019",5,"Format: Prime VideoVerified Purchase",8,NA,0.176776695296637
"906",906,"Amazon Customer","April 6, 2019",5,"Format: DVDVerified Purchase",4,NA,0
"907",907,"Sashin","April 19, 2019",2,"Format: Prime VideoVerified Purchase",68,0.223723658155796,-0.000284718350351211
"908",908,"Kevin Ill","April 10, 2019",5,"Format: Blu-rayVerified Purchase",1,NA,1
"909",909,"rik","April 10, 2019",5,"Format: Prime VideoVerified Purchase",2,NA,0.530330085889911
"910",910,"Don Boddeker","April 10, 2019",5,"Format: Blu-rayVerified Purchase",10,NA,0.822192191643779
"911",911,"Scooby777","April 3, 2019",5,"Format: DVDVerified Purchase",15,NA,0.322748612183951
"912",912,"Martie K","April 14, 2019",5,"Format: DVDVerified Purchase",2,NA,0.707106781186547
"913",913,"Eros","March 26, 2019",5,"Format: Blu-rayVerified Purchase",100,0.203121078317947,0.178066765619503
"914",914,"Tina Lyons","April 14, 2019",5,"Format: Prime VideoVerified Purchase",5,NA,-0.335410196624968
"915",915,"BIG RON","April 13, 2019",5,"Format: Blu-rayVerified Purchase",10,NA,0.158113883008419
"916",916,"KK","April 3, 2019",5,"Format: Blu-rayVerified Purchase",5,NA,0.335410196624968
